快樂是我的奢侈品,快樂(VH) 是(SHI) 我(Nh) 的(DE) 奢侈品(Na),0,3.888888889,4.0
由最初的焦慮症至憂鬱症,由(P) 最初(Nd) 的(DE) 焦慮症(Na) 至(Caa) 憂鬱症(Na),0,3.375,3.777777778
所謂的高興傷心沒甚麼感覺,所謂(VK) 的(DE) 高興(VK) 傷心(VH) 沒(VJ) 甚麼(Nep) 感覺(Na),0,3.714285714,3.4444444439999997
我也不是無故想哭吧,我(Nh) 也(D) 不(D) 是(SHI) 無故(D) 想(VE) 哭(VA) 吧(T),0,4.0,3.75
生命及生活陷入黑白,生命(Na) 及(Caa) 生活(Na) 陷入(VCL) 黑白(A),0,2.888888889,4.333333333
天天以淚洗面,天天(D) 以(P) 淚(Na) 洗面(VA),0,2.555555556,5.3
我不但每天不斷難過,我(Nh) 不但(Cbb) 每(Nes) 天(Nf) 不斷(D) 難過(VK),0,3.0,5.777777778
不斷湧出的難過,不斷(D) 湧出(VA) 的(DE) 難過(VK),0,3.375,5.666666667
強忍下難過心就刺痛,強忍(VJ) 下(Ng) 難過(VK) 心(Na) 就(D) 刺痛(VHC),0,2.9,5.8888888889999995
或許該說難過吧,或許(D) 該(D) 說(VE) 難過(VK) 吧(T),0,3.0,3.4444444439999997
常常會莫名的想哭,常常(D) 會(D) 莫名(VH) 的(DE) 想(VE) 哭(VA),0,3.142857143,5.0
可是常常還是情緒莫名的低落,可是(Cbb) 常常(D) 還是(D) 情緒(Na) 莫名(A) 的(DE) 低落(VH),0,3.714285714,4.6
心情就跟著低落,心情(Na) 就(D) 跟(P) 著(Di) 低落(VH),0,3.375,4.0
有時會產生憂鬱的症狀,有時(D) 會(D) 產生(VHC) 憂鬱(VH) 的(DE) 症狀(Na),0,3.4,4.0
加上壓力和憂鬱,加上(Cbb) 壓力(Na) 和(Caa) 憂鬱(Nv),0,2.75,4.375
我覺得好難過喔,我(Nh) 覺得(VK) 好(Dfa) 難過(VK) 喔(T),0,3.0,6.375
沒事就會一直的流眼淚,沒(VJ) 事(Na) 就(D) 會(D) 一直(D) 的(DE) 流(Na) 眼淚(Na),0,3.4444444439999997,5.777777778
但是打完之後又十分沮喪,但是(Cbb) 打完(VC) 之後(Ng) 又(D) 十分(Dfa) 沮喪(VH),0,3.0,4.375
心情就會很不好,心情(Na) 就(D) 會(D) 很(Dfa) 不(D) 好(VH),0,3.5,4.222222222
要不然就是很低落,要不然(Cbb) 就是(Cbb) 很(Dfa) 低落(VH),0,3.5555555560000003,4.5
似乎擺脫不了人世間的悲哀,似乎(D) 擺(VC) 脫不了(VJ) 人世間(Nc) 的(DE) 悲哀(Nv),0,2.666666667,4.6
只是無緣由地沮喪難過,只是(D) 無緣(VH) 由(P) 地(Na) 沮喪(VH) 難過(VK),0,3.0,4.5
常常想哭,常常(D) 想(VE) 哭(VA),0,3.0,4.8888888889999995
但我真的很掛念憂鬱,但(Cbb) 我(Nh) 真的(D) 很(Dfa) 掛念(VJ) 憂鬱(VH),0,3.375,4.222222222
但在憂鬱時就不同了,但(Cbb) 在(P) 憂鬱(VH) 時(Ng) 就(D) 不同(VH) 了(T),0,3.888888889,3.8
不想離開憂鬱,不(D) 想(VE) 離開(VC) 憂鬱(VH),0,3.6,4.333333333
結果便是一直極度憂傷下去,結果(Dk) 便是(Cbb) 一直(D) 極度(Dfa) 憂傷(VH) 下去(Di),0,2.555555556,4.666666667
但會不停圍繞憂鬱思想,但(Cbb) 會(D) 不停(D) 圍繞(VC) 憂鬱(Nv) 思想(Na),0,3.0,5.1111111110000005
身邊的人心情不佳,身邊(Nc) 的(DE) 人(Na) 心情(Na) 不佳(VH),0,3.5,2.888888889
現在每次憂鬱,現在(Nd) 每(Nes) 次(Nf) 憂鬱(VH),0,3.4444444439999997,4.555555556
大都是先憂鬱,大都(D) 是(SHI) 先(D) 憂鬱(VH),0,3.5,3.25
我嘗試讓憂鬱自然的來,我(Nh) 嘗試(VF) 讓(VL) 憂鬱(VH) 自然(Na) 的(DE) 來(D),0,3.625,2.777777778
而且我好難過,而且(Cbb) 我(Nh) 好(Dfa) 難過(VK),0,3.1,6.0
難過他們不去面對,難過(VK) 他們(Nh) 不(D) 去(D) 面對(VC),0,3.5,4.777777778
會寂寞的想哭,會(D) 寂寞(VH) 的(DE) 想(VE) 哭(VA),0,2.75,4.6
好像憂鬱又像焦慮,好像(D) 憂鬱(VH) 又(D) 像(VG) 焦慮(VH),0,3.0,4.25
都會難過很久,都(D) 會(D) 難過(VK) 很(Dfa) 久(VH),0,3.5555555560000003,4.714285714
自己會崩潰,自己(Nh) 會(D) 崩潰(VH),0,2.6,6.222222222
我真的很難過,我(Nh) 真的(D) 很(Dfa) 難過(VK),0,2.888888889,6.0
都覺得難過,都(D) 覺得(VK) 難過(VK),0,3.1,3.625
難過的想掉眼淚,難過(VK) 的(DE) 想(VE) 掉(VH) 眼淚(Na),0,3.333333333,5.555555556
會哭到不能自己,會(D) 哭(VA) 到(P) 不能(D) 自己(Nh),0,3.0,6.875
至今常常情緒低落無法專注工作,至今(D) 常常(D) 情緒(Na) 低落(VH) 無法(D) 專注(VH) 工作(Na),0,3.111111111,4.5
上班也難過,上班(VA) 也(D) 難過(VK),0,3.7,4.090909091
就是很喜歡流淚,就是(Cbb) 很(Dfa) 喜歡(VK) 流淚(VA),0,4.444444444,4.444444444
心情沮喪不想上班,心情(Na) 沮喪(VH) 不(D) 想(VE) 上班(VA),0,2.888888889,4.375
總是哭著醒來,總是(D) 哭(VA) 著(Di) 醒來(VH),0,3.5,5.222222222
明明不快樂,明明(D) 不(D) 快樂(VH),0,3.5,4.25
又憂鬱了,又(D) 憂鬱(VH) 了(T),0,3.75,3.5555555560000003
整個人像崩潰了一般,整(Neqa) 個(Nf) 人像(Na) 崩潰(VH) 了(Di) 一般(A),0,2.875,5.0
但我還是很難過,但(Cbb) 我(Nh) 還是(D) 很(Dfa) 難過(VK),0,3.5555555560000003,4.333333333
打過之後心情一直很差,打(VC) 過(Di) 之後(Ng) 心情(Na) 一直(D) 很(Dfa) 差(VH),0,3.5,4.333333333
常常心情低落,常常(D) 心情(Na) 低落(VH),0,2.625,3.5555555560000003
現在我嘗試跟憂鬱簽訂和約,現在(Nd) 我(Nh) 嘗試(VF) 跟(P) 憂鬱(VH) 簽訂(VC) 和約(Na),0,3.285714286,3.333333333
這令我十分傷心,這(Nep) 令(VL) 我(Nh) 十分(Dfa) 傷心(VH),0,3.0,5.666666667
容易哀傷,容易(VH) 哀傷(VH),0,3.5,4.0
以為痛苦已經過去,以為(VE) 痛苦(Na) 已經(D) 過去(VA),0,3.111111111,4.75
常會無緣無故的哭,常(D) 會(D) 無緣無故(D) 的(DE) 哭(VA),0,3.5555555560000003,6.125
導致自己心情沮喪,導致(VL) 自己(Nh) 心情(Na) 沮喪(VH),0,3.0,5.25
期間情緒一度陷入低潮,期間(Na) 情緒(Na) 一(Neu) 度(Nf) 陷入(VCL) 低潮(Na),0,3.4444444439999997,4.375
怎不叫我心傷難過,怎不(D) 叫(VF) 我(Nh) 心(Na) 傷(VH) 難過(VK),0,3.0,5.444444444
可是我就是快樂不起來,可是(Cbb) 我(Nh) 就是(Cbb) 快樂(VH) 不(D) 起來(VA),0,3.0,4.555555556
都不是很快樂,都(D) 不(D) 是(SHI) 很(Dfa) 快樂(VH),0,3.5555555560000003,3.4444444439999997
總是快樂不起來,總是(D) 快樂(VH) 不(D) 起來(VA),0,3.0,3.777777778
會讓我不開心很久,會(D) 讓(VL) 我(Nh) 不(D) 開心(VH) 很(Dfa) 久(VH),0,3.5,4.8
我每天都無法快樂起來,我(Nh) 每(Nes) 天(Nf) 都(D) 無法(D) 快樂(VH) 起來(Di),0,2.625,4.666666667
沒有任何事情可另我開心,沒有(VJ) 任何(Neqa) 事情(Na) 可(D) 另(Cbb) 我(Nh) 開心(VH),0,2.5,3.5
也從來不笑,也(D) 從來(D) 不(D) 笑(VA),0,4.25,3.2
我真的快樂不起來,我(Nh) 真的(D) 快樂(VH) 不(D) 起來(VA),0,2.625,3.25
但是從來沒有感到快樂過,但是(Cbb) 從來(D) 沒有(D) 感到(VK) 快樂(VH) 過(Di),0,3.0,4.5
盡是一些不愉快,盡(D) 是(SHI) 一些(Neqa) 不(D) 愉快(VH),0,3.0,4.8571428569999995
事情發生過後我開始不開心,事情(Na) 發生(VJ) 過後(Ng) 我(Nh) 開始(VL) 不(D) 開心(VH),0,3.4444444439999997,4.714285714
可是我從來沒有快樂過,可是(Cbb) 我(Nh) 從來(D) 沒有(VJ) 快樂(VH) 過(Di),0,2.875,3.777777778
我每天都很不快樂,我(Nh) 每(Nes) 天(Nf) 都(D) 很(Dfa) 不(D) 快樂(VH),0,2.625,5.5
因為我常常不怎麼快樂,因為(Cbb) 我(Nh) 常常(D) 不怎麼(D) 快樂(VH),0,3.0,4.5
居然快樂不起來,居然(D) 快樂(VH) 不(D) 起來(VA),0,3.25,5.0
也不知道何謂快樂,也(D) 不(D) 知道(VK) 何謂(VG) 快樂(VH),0,3.125,3.875
時常感到很不開心,時常(D) 感到(VK) 很(Dfa) 不(D) 開心(VH),0,3.1,5.444444444
想到讓自己發病真是難過,想到(VE) 讓(VL) 自己(Nh) 發病(VH) 真(D) 是(SHI) 難過(VK),0,2.9,6.25
覺得好痛苦,覺得(VK) 好(Dfa) 痛苦(VH),0,2.4,6.555555556
我覺得我很容易不快樂,我(Nh) 覺得(VK) 我(Nh) 很(Dfa) 容易(VH) 不(D) 快樂(VH),0,3.5,3.4444444439999997
心情也沒變平緩,心情(Na) 也(D) 沒(D) 變(VH) 平緩(VH),0,4.0,5.0
讓我整天心理都好難受,讓(VL) 我(Nh) 整(Neqa) 天(Nf) 心理(Na) 都(D) 好(Dfa) 難受(VH),0,3.0,4.222222222
真的好痛苦,真的(D) 好(Dfa) 痛苦(VH),0,2.444444444,6.25
我真的很難過吧,我(Nh) 真的(D) 很(Dfa) 難過(VK) 吧(T),0,3.5555555560000003,4.222222222
只為了隱藏我的痛苦,只(Da) 為了(P) 隱藏(VC) 我(Nh) 的(DE) 痛苦(VH),0,2.875,4.222222222
回到家還會偷偷掉眼淚,回到(VCL) 家(Nc) 還(D) 會(D) 偷偷(D) 掉(VC) 眼淚(Na),0,3.428571429,5.25
我知道自己不快樂,我(Nh) 知道(VK) 自己(Nh) 不(D) 快樂(VH),0,3.625,3.375
看到自己不快樂不舒服,看到(VE) 自己(Nh) 不(D) 快樂(VH) 不(D) 舒服(VH),0,2.666666667,4.444444444
近日心情不好,近日(Nd) 心情(Na) 不(D) 好(VH),0,3.777777778,3.777777778
終於演變成重度憂鬱症,終於(D) 演變成(VG) 重度(A) 憂鬱症(Na),0,1.7777777780000001,6.0
常常想大叫或大哭,常常(D) 想(VE) 大叫(VE) 或(Caa) 大哭(VA),0,3.0,6.428571429
我覺得好痛苦,我(Nh) 覺得(VK) 好(Dfa) 痛苦(VH),0,2.75,4.777777778
有時沒時就會覺得憂鬱,有時(D) 沒(VJ) 時(Ng) 就(D) 會(D) 覺得(VK) 憂鬱(VH),0,3.222222222,3.0
我現在最痛苦的是,我(Nh) 現在(Nd) 最(Dfa) 痛苦(VH) 的(DE) 是(SHI),0,3.625,5.777777778
我的心靈好痛苦,我(Nh) 的(DE) 心靈(Na) 好(Dfa) 痛苦(VH),0,2.125,6.444444444
莫名其妙的想哭,莫名其妙(VH) 的(DE) 想(VE) 哭(VA),0,3.777777778,4.375
好像快變成憂鬱症了,好像(D) 快(D) 變成(VG) 憂鬱症(Na) 了(T),0,3.111111111,4.555555556
心中絕得好悲傷好悲傷,心(Na) 中(Ng) 絕(D) 得(D) 好(Dfa) 悲傷(VH) 好(VH) 悲傷(VH),0,2.0,6.375
但回到家中又悶悶不樂了,但(Cbb) 回到(VCL) 家(Nc) 中(Ncd) 又(D) 悶悶不樂(VH) 了(T),0,4.0,5.285714286
我常常無理由地哭泣,我(Nh) 常常(D) 無(VJ) 理由(Na) 地(DE) 哭泣(VA),0,3.3,5.0
只會不停哭泣,只(Da) 會(D) 不停(VA) 哭泣(VA),0,3.0,6.0
還痛苦的活著,還(D) 痛苦(VH) 的(DE) 活(VH) 著(Di),0,2.333333333,4.444444444
冷不防的會突然情緒低落,冷不防(D) 的(DE) 會(D) 突然(D) 情緒(Na) 低落(VH),0,3.5555555560000003,4.1428571430000005
而且好難過,而且(Cbb) 好(Dfa) 難過(VK),0,3.333333333,5.0
這種感覺很難受,這(Nep) 種(Nf) 感覺(Na) 很(Dfa) 難受(VH),0,3.5,5.444444444
我過的好痛苦喔,我(Nh) 過(VCL) 的(DE) 好(Dfa) 痛苦(VH) 喔(T),0,2.4285714290000002,5.285714286
好痛苦又好累,好(Dfa) 痛苦(VH) 又(D) 好(Dfa) 累(VHC),0,3.0,5.8888888889999995
最近兩個月中常常情緒低落,最近(Nd) 兩(Neu) 個(Nf) 月(Na) 中(Ng) 常常(D) 情緒(Na) 低落(VH),0,2.625,4.0
最近情緒又開始低落,最近(Nd) 情緒(Na) 又(D) 開始(VL) 低落(VH),0,3.5,3.625
每天都會不由自主的哭,每(Nes) 天(Nf) 都(D) 會(D) 不由自主(D) 的(DE) 哭(VA),0,2.9090909089999997,5.375
除了因為沮喪,除了(P) 因為(Cbb) 沮喪(VH),0,3.375,4.0
但是常常還是會心情不好,但是(Cbb) 常常(D) 還是(D) 會(D) 心情(Na) 不(D) 好(VH),0,3.666666667,5.222222222
醒來會難過和焦慮不安,醒來(VH) 會(D) 難過(VK) 和(Caa) 焦慮(Nv) 不安(Nv),0,3.0,3.875
然後心情馬上低落,然後(D) 心情(Na) 馬上(D) 低落(VH),0,3.0,4.333333333
反倒覺得難過,反倒(Cbb) 覺得(VK) 難過(VK),0,3.5,4.375
我很難過,我(Nh) 很(Dfa) 難過(VK),0,2.555555556,5.2
隨著憂鬱變得悲觀,隨著(P) 憂鬱(VH) 變得(VJ) 悲觀(VH),0,2.555555556,5.25
我好難過,我(Nh) 好(Dfa) 難過(VK),0,3.1,5.4
而且精神好像快要崩潰一樣,而且(Cbb) 精神(Na) 好像(D) 快要(D) 崩潰(VH) 一樣(VH),0,2.5,6.8888888889999995
常常會覺得悲傷想哭,常常(D) 會(D) 覺得(VK) 悲傷(VH) 想(VE) 哭(VA),0,3.0,6.625
我哭了好久,我(Nh) 哭(VA) 了(Di) 好久(VH),0,3.5,5.1
也容易傷心,也(D) 容易(VH) 傷心(VH),0,3.5555555560000003,4.1
也感覺很傷心,也(D) 感覺(VK) 很(Dfa) 傷心(VH),0,3.714285714,4.875
最近因心情不佳,最近(Nd) 因(Cbb) 心情(Na) 不佳(VH),0,4.0,4.25
我就會忍不住一直哭,我(Nh) 就(D) 會(D) 忍不住(VL) 一直(D) 哭(VA),0,3.0,5.1111111110000005
一定也是一直哭,一定(D) 也(D) 是(SHI) 一直(D) 哭(VA),0,3.4444444439999997,5.75
心情壓力很大而開始流淚,心情(Na) 壓力(Na) 很(Dfa) 大(VH) 而(Cbb) 開始(VL) 流淚(VA),0,3.0,6.125
每天都很不快樂,每(Nes) 天(Nf) 都(D) 很(Dfa) 不(D) 快樂(VH),0,3.25,4.5
情緒長期低落,情緒(Na) 長期(Nd) 低落(VH),0,3.0,4.222222222
我幾乎快崩潰了,我(Nh) 幾乎(Da) 快(D) 崩潰(VH) 了(T),0,2.111111111,7.333333333
我覺得自己可能有些憂鬱吧,我(Nh) 覺得(VK) 自己(Nh) 可能(D) 有(V_2) 些(Nf) 憂鬱(VH) 吧(T),0,3.75,3.125
莫名的哭泣,莫名(A) 的(DE) 哭泣(VA),0,2.888888889,4.222222222
一年前一直不自覺地要流淚,一(Neu) 年(Nf) 前(Ncd) 一直(D) 不自覺(VK) 地(Na) 要(D) 流淚(VA),0,2.75,5.125
我實在非常痛苦,我(Nh) 實在(D) 非常(Dfa) 痛苦(VH),0,2.888888889,6.555555556
情緒越來越悲傷,情緒(Na) 越來越(Dfa) 悲傷(VH),0,2.555555556,5.666666667
而且很容易想哭,而且(Cbb) 很(Dfa) 容易(VH) 想(VE) 哭(VA),0,3.4444444439999997,5.5
讓我心情很低落,讓(VL) 我(Nh) 心情(Na) 很(Dfa) 低落(VH),0,3.5,4.875
心情一直很差,心情(Na) 一直(D) 很(Dfa) 差(VH),0,3.4444444439999997,5.222222222
心情也就更差,心情(Na) 也(D) 就(D) 更(D) 差(VH),0,3.0,4.0
真的覺得很難過,真的(D) 覺得(VK) 很(Dfa) 難過(VK),0,3.111111111,5.555555556
感情問題讓我非常沮喪,感情(Na) 問題(Na) 讓(VL) 我(Nh) 非常(Dfa) 沮喪(VH),0,2.777777778,5.875
有時會大叫大哭,有時(D) 會(D) 大叫(VE) 大哭(VA),0,3.5,6.1111111110000005
現在的我好無助,現在(Nd) 的(DE) 我(Nh) 好(Dfa) 無助(VH),0,3.111111111,4.125
而陷入悲傷的情緒中,而(Cbb) 陷入(VCL) 悲傷(VH) 的(DE) 情緒(Na) 中(Ng),0,3.625,3.4444444439999997
我常常覺得我很不快樂,我(Nh) 常常(D) 覺得(VK) 我(Nh) 很(Dfa) 不(D) 快樂(VH),0,2.625,4.222222222
但真的我好難過,但(Cbb) 真的(D) 我(Nh) 好(Dfa) 難過(VK),0,3.222222222,5.5
那種心痛,那(Nep) 種(Nf) 心痛(VH),0,3.4444444439999997,5.375
我就好想哭,我(Nh) 就(D) 好(VH) 想(VE) 哭(VA),0,3.4444444439999997,5.777777778
我們真的很無助,我們(Nh) 真的(D) 很(Dfa) 無助(VH),0,3.2,3.666666667
只是很難過,只是(D) 很(Dfa) 難過(VK),0,3.375,4.2
因為心裡真的很難過,因為(Cbb) 心(Na) 裡(Ng) 真的(D) 很(Dfa) 難過(VK),0,3.0,5.333333333
都在沮喪哭泣中過日子了,都(D) 在(P) 沮喪(VH) 哭泣(VA) 中(Ng) 過日子(VA) 了(Di),0,3.0,4.8888888889999995
晚上就變得很難過,晚上(Nd) 就(D) 變得(VJ) 很(Dfa) 難過(VK),0,3.6,4.8888888889999995
因為我有幾次崩潰時,因為(Cbb) 我(Nh) 有(V_2) 幾(Neu) 次(Nf) 崩潰(VH) 時(Ng),0,3.222222222,5.555555556
我真的好難過,我(Nh) 真的(D) 好(Dfa) 難過(VK),0,2.5,6.375
情緒低潮,情緒(Na) 低潮(Na),0,2.888888889,4.0
感覺整個人快崩潰了,感覺(VK) 整(Neqa) 個(Nf) 人(Na) 快(D) 崩潰(VH) 了(T),0,3.0,6.125
君整個人崩潰,君整(Na) 個(Nf) 人(Na) 崩潰(VH),0,2.375,6.777777778
我並不快樂,我(Nh) 並(D) 不(D) 快樂(VH),0,2.875,2.888888889
最後我往往都是大哭,最後(Nd) 我(Nh) 往往(D) 都(D) 是(SHI) 大哭(VA),0,3.0,5.333333333
只知道每天都不快樂,只(Da) 知道(VK) 每(Nes) 天(Nf) 都(D) 不(D) 快樂(VH),0,3.4444444439999997,3.666666667
想哭哭不出來,想(VE) 哭(VA) 哭(VA) 不(D) 出來(VA),0,3.375,4.5
好痛苦喔,好(Dfa) 痛苦(VH) 喔(T),0,3.0,5.5
也因我之前太痛苦,也(D) 因(Cbb) 我(Nh) 之前(Ng) 太(Dfa) 痛苦(VH),0,3.75,3.75
他在鬱期時難過,他(Nh) 在(P) 鬱期(Na) 時(Ng) 難過(VK),0,3.0,3.4444444439999997
所以真的很難過,所以(Cbb) 真的(D) 很(Dfa) 難過(VK),0,3.625,4.555555556
那種感覺真難受,那(Nep) 種(Nf) 感覺(Na) 真(D) 難受(VH),0,3.222222222,5.428571429
晚上睡覺時都覺得很悲傷,晚上(Nd) 睡覺(VA) 時(Ng) 都(D) 覺得(VK) 很(Dfa) 悲傷(VH),0,3.0,4.333333333
崩潰的哭到無法自主,崩潰(VH) 的(DE) 哭(VA) 到(P) 無法(D) 自主(VH),0,2.375,7.666666667
可是感覺我還是一樣很憂鬱,可是(Cbb) 感覺(VK) 我(Nh) 還是(D) 一樣(VH) 很(Dfa) 憂鬱(VH),0,3.0,3.5
還是感覺很無助,還是(D) 感覺(VK) 很(Dfa) 無助(VH),0,3.333333333,3.888888889
真的是好痛苦,真的(D) 是(SHI) 好(Dfa) 痛苦(VH),0,2.25,6.222222222
每天晚上只能不斷的哭泣,每天(Nd) 晚上(Nd) 只(Da) 能(D) 不斷(VH) 的(DE) 哭泣(VA),0,3.0,6.375
每天都覺的好沮喪,每(Nes) 天(Nf) 都(D) 覺(VK) 的(DE) 好(Dfa) 沮喪(VH),0,3.375,3.777777778
我內心的痛苦,我(Nh) 內心(Na) 的(DE) 痛苦(VH),0,3.3,4.75
有時想起又哭,有時(D) 想起(VE) 又(D) 哭(VA),0,3.571428571,5.1111111110000005
我常會對著他掉眼淚,我(Nh) 常(D) 會(D) 對(P) 著(Di) 他(Nh) 掉(VC) 眼淚(Na),0,3.0,4.8888888889999995
我感到好無助,我(Nh) 感到(VK) 好(Dfa) 無助(VH),0,3.5,4.125
現在心情有點沮喪,現在(Nd) 心情(Na) 有點(Dfa) 沮喪(VH),0,3.888888889,3.222222222
其間飽受痛苦與恐懼,其(Nep) 間(Nf) 飽受(VJ) 痛苦(VH) 與(Caa) 恐懼(Nv),0,2.5,5.5
好幾次面臨精神崩潰邊緣,好幾(Neu) 次(Nf) 面臨(VK) 精神(Na) 崩潰(VH) 邊緣(Nc),0,2.444444444,6.333333333
無端大哭,無端(D) 大哭(VA),0,3.333333333,7.125
情緒有時非常低落,情緒(Na) 有時(D) 非常(Dfa) 低落(VH),0,3.5555555560000003,3.5555555560000003
有時悶悶不樂,有時(D) 悶悶不樂(VH),0,4.0,3.0
遇到挫折不順心老是愛哭,遇到(VC) 挫折(Na) 不(D) 順心(VH) 老是(D) 愛(VL) 哭(VA),0,3.0,4.1428571430000005
我對人生感到無力和沮喪,我(Nh) 對(P) 人生(Na) 感到(VK) 無力(VH) 和(Caa) 沮喪(VH),0,2.7,5.777777778
而且很不快樂,而且(Cbb) 很(Dfa) 不(D) 快樂(VH),0,3.0,5.625
我變得很不快樂,我(Nh) 變得(VJ) 很(Dfa) 不(D) 快樂(VH),0,3.0,4.0
我時常會情緒低落,我(Nh) 時常(D) 會(D) 情緒(Na) 低落(VH),0,3.5555555560000003,5.0
甚至會無原無故的落淚,甚至(D) 會(D) 無(VJ) 原(D) 無故(D) 的(DE) 落淚(Nv),0,4.0,4.625
一直哭哭到死為止,一直(D) 哭(VA) 哭(VA) 到(P) 死(VH) 為止(Ng),0,2.0,6.666666667
突如其來的沮喪感無力感,突如其來(A) 的(DE) 沮喪感(Na) 無力感(Na),0,3.333333333,4.0
不過我現在深陷沮喪,不過(Cbb) 我(Nh) 現在(Nd) 深陷(VH) 沮喪(VH),0,3.0,3.875
越想越痛苦,越(D) 想(VE) 越(D) 痛苦(VH),0,2.5,5.0
我有時會悶到哭出來,我(Nh) 有時(D) 會(D) 悶(VH) 到(P) 哭出來(VA),0,3.1,5.777777778
中度憂鬱症的症狀,中度(A) 憂鬱症(Na) 的(DE) 症狀(Na),0,4.125,2.777777778
然後就會很想哭一直哭,然後(D) 就(D) 會(D) 很(Dfa) 想(VE) 哭(VA) 一直(D) 哭(VA),0,2.666666667,7.0
情緒崩潰到極點時,情緒(Na) 崩潰(VH) 到(VCL) 極點(Nc) 時(Ng),0,1.75,7.25
常常半夜起來哭,常常(D) 半夜(Nd) 起來(VA) 哭(VA),0,3.333333333,5.666666667
隨時有崩潰的感覺,隨時(D) 有(V_2) 崩潰(VH) 的(DE) 感覺(Na),0,3.2,5.25
心情不太好,心情(Na) 不(D) 太(Dfa) 好(VH),0,3.5,4.625
終日以淚洗面,終日(D) 以(P) 淚(Na) 洗面(VA),0,2.777777778,6.5
我已經憂鬱一年半了,我(Nh) 已經(D) 憂鬱(VH) 一(Neu) 年(Nf) 半(Neqb) 了(T),0,3.5555555560000003,3.375
而且很悲哀,而且(Cbb) 很(Dfa) 悲哀(VH),0,3.125,3.888888889
覺得非常非常地沮喪,覺得(VK) 非常(Dfa) 非常(Dfa) 地(DE) 沮喪(VH),0,3.111111111,5.5
什麼都有卻不快樂,什麼(Nep) 都(D) 有(V_2) 卻(D) 不(D) 快樂(VH),0,3.5,4.75
我好無助,我(Nh) 好(Dfa) 無助(VH),0,2.888888889,3.4444444439999997
憂鬱頭昏,憂鬱(VH) 頭昏(VH),0,3.5555555560000003,4.375
常常悶著就一直哭,常常(D) 悶著(VHC) 就(D) 一直(D) 哭(VA),0,3.1,6.0
我現在真的好無助,我(Nh) 現在(Nd) 真的(D) 好(Dfa) 無助(VH),0,3.222222222,5.0
但有時沒吃會很憂鬱,但(Cbb) 有時(D) 沒(D) 吃(VC) 會(D) 很(Dfa) 憂鬱(VH),0,2.9,5.375
沮喪怨天尤人,沮喪(VH) 怨天尤人(VA),0,2.222222222,6.0
覺得很悲哀,覺得(VK) 很(Dfa) 悲哀(VH),0,2.9,3.5555555560000003
為何卻常常不快樂,為何(D) 卻(D) 常常(D) 不(D) 快樂(VH),0,3.375,4.0
情緒有點低落,情緒(Na) 有點(Dfa) 低落(VH),0,3.5555555560000003,3.8
每每都讓我哭得不能自己,每每(D) 都(D) 讓(VL) 我(Nh) 哭(VA) 得(DE) 不能(D) 自己(Nh),0,3.0,6.375
為傷心而傷心,為(P) 傷心(VH) 而(Cbb) 傷心(VH),0,3.375,5.222222222
心情低落悲傷,心情(Na) 低落(VH) 悲傷(VH),0,3.0,5.625
活著不快樂,活(VH) 著(Di) 不(D) 快樂(VH),0,2.6,4.375
她很難過,她(Nh) 很(Dfa) 難過(VK),0,3.111111111,5.0
心裡莫名其妙的難過,心(Na) 裡(Ncd) 莫名其妙(VH) 的(DE) 難過(VK),0,3.25,4.6
覺得很傷心,覺得(VK) 很(Dfa) 傷心(VH),0,3.333333333,4.4
發作時會一直哭,發作(VH) 時(Ng) 會(D) 一直(D) 哭(VA),0,3.333333333,6.1111111110000005
那時的她常常流淚,那時(Nd) 的(DE) 她(Nh) 常常(D) 流淚(VA),0,3.75,4.875
回來後憂鬱,回來(VA) 後(Ng) 憂鬱(VH),0,3.625,3.75
心情一直都很差,心情(Na) 一直(D) 都(D) 很(Dfa) 差(VH),0,2.5,4.555555556
我覺得十分沮喪,我(Nh) 覺得(VK) 十分(Dfa) 沮喪(VH),0,3.0,4.7
這使我心情變的不好,這(Nep) 使(VL) 我(Nh) 心情(Na) 變(VH) 的(DE) 不(D) 好(VH),0,3.0,4.625
她有非常明顯的憂鬱症症狀,她(Nh) 有(V_2) 非常(Dfa) 明顯(VH) 的(DE) 憂鬱症(Na) 症狀(Na),0,2.75,4.1111111110000005
眼淚不停的流,眼淚(Na) 不停(VA) 的(DE) 流(Na),0,3.4444444439999997,4.777777778
真是悲哀,真是(D) 悲哀(VH),0,3.666666667,4.8888888889999995
讓自己痛苦不已,讓(VL) 自己(Nh) 痛苦(VH) 不已(VH),0,3.0,6.333333333
所以我很不快樂,所以(Cbb) 我(Nh) 很(Dfa) 不(D) 快樂(VH),0,3.375,5.1111111110000005
但我心理很憂鬱,但(Cbb) 我(Nh) 心理(Na) 很(Dfa) 憂鬱(VH),0,3.5,4.25
接著就是很長時間的沮喪,接著(D) 就(D) 是(SHI) 很(Dfa) 長(VH) 時間(Na) 的(DE) 沮喪(VH),0,3.375,5.222222222
但卻一點也不快樂,但(Cbb) 卻(D) 一點(Neqa) 也(D) 不(D) 快樂(VH),0,3.75,3.888888889
我真的好痛苦,我(Nh) 真的(D) 好(Dfa) 痛苦(VH),0,2.4285714290000002,6.8888888889999995
真的很無助,真的(D) 很(Dfa) 無助(VH),0,2.888888889,4.8571428569999995
忍不住就大哭了,忍不住(VL) 就(D) 大哭(VA) 了(Di),0,3.0,5.625
我就心痛,我(Nh) 就(D) 心痛(VH),0,3.5555555560000003,5.375
獨自無奈的嚎啕大哭,獨自(D) 無奈(VH) 的(DE) 嚎啕大哭(VA),0,3.0,5.8888888889999995
為此而心情難過,為(P) 此(Nep) 而(Cbb) 心情(Na) 難過(VK),0,3.777777778,4.0
心情越難過,心情(Na) 越(D) 難過(VK),0,3.0,5.5
她總是說她不快樂,她(Nh) 總是(D) 說(VE) 她(Nh) 不(D) 快樂(VH),0,3.0,3.888888889
我常會會感到心情不好,我(Nh) 常(D) 會會(VC) 感到(VK) 心情(Na) 不(D) 好(VH),0,3.5,4.125
每天十分難受,每(Nes) 天(Nf) 十分(Dfa) 難受(VH),0,3.333333333,4.222222222
我現在每天心情都很差,我(Nh) 現在(Nd) 每天(Nd) 心情(Na) 都(D) 很(Dfa) 差(VH),0,3.5,4.555555556
無端地想哭,無端(D) 地(DE) 想(VE) 哭(VA),0,3.1,4.0
偷偷上床哭泣,偷偷(D) 上床(VA) 哭泣(VA),0,2.9,4.9
不自覺的想哭,不自覺(VK) 的(DE) 想(VE) 哭(VA),0,2.5714285709999998,4.8571428569999995
回到家後會感到難過,回到(VCL) 家(Nc) 後(Ng) 會(D) 感到(VK) 難過(VK),0,3.285714286,4.333333333
難過的事情數都數不清,難過(VK) 的(DE) 事情數(Na) 都(D) 數不清(VH),0,3.5,4.2
我覺得我也很難過,我(Nh) 覺得(VK) 我(Nh) 也(D) 很(Dfa) 難過(VK),0,3.333333333,4.625
我覺得很無助,我(Nh) 覺得(VK) 很(Dfa) 無助(VH),0,3.0,3.111111111
常常會自怨自艾,常常(D) 會(D) 自怨自艾(VH),0,2.888888889,3.222222222
有時候睡到夜半也會忽然難過,有時候(D) 睡(VA) 到(P) 夜半(Nd) 也(D) 會(D) 忽然(D) 難過(VK),0,3.75,4.4
剎那間我心裡好難過,剎那間(Nd) 我(Nh) 心(Na) 裡(Ncd) 好(Dfa) 難過(VK),0,3.4,5.222222222
我感到沮喪,我(Nh) 感到(VK) 沮喪(VH),0,3.0,4.333333333
而讓我覺得很悲哀,而(Cbb) 讓(VL) 我(Nh) 覺得(VK) 很(Dfa) 悲哀(VH),0,3.375,5.375
我不快樂,我(Nh) 不(D) 快樂(VH),0,2.875,4.5
自己難過半天,自己(Nh) 難過(VK) 半(Neqa) 天(Nf),0,3.5,4.8888888889999995
我想大哭一場,我(Nh) 想(VE) 大哭(VA) 一(Neu) 場(Nf),0,3.0,5.777777778
而我心裡難過無法發洩,而(Cbb) 我(Nh) 心(Na) 裡(Ng) 難過(VK) 無法(D) 發洩(VC),0,3.333333333,4.8888888889999995
想到悲從中來時會落淚,想到(VE) 悲從中來(VH) 時(Ng) 會(D) 落淚(VA),0,3.0,5.714285714
可是我總覺得不快樂,可是(Cbb) 我(Nh) 總(D) 覺得(VK) 不(D) 快樂(VH),0,3.666666667,4.0
傷心落淚,傷心(VH) 落淚(VA),0,3.333333333,5.285714286
時常覺得很沮喪,時常(D) 覺得(VK) 很(Dfa) 沮喪(VH),0,3.75,4.5
我會很生氣進而很沮喪,我(Nh) 會(D) 很(Dfa) 生氣(VH) 進而(Cbb) 很(Dfa) 沮喪(VH),0,3.375,5.875
現在時常覺得很沮喪,現在(Nd) 時常(D) 覺得(VK) 很(Dfa) 沮喪(VH),0,3.0,4.1111111110000005
心情一樣低落,心情(Na) 一樣(VH) 低落(VH),0,3.0,4.8888888889999995
常處於憂鬱狀態,常(D) 處於(VJ) 憂鬱(Nv) 狀態(Na),0,3.25,2.888888889
我很不快樂,我(Nh) 很(Dfa) 不(D) 快樂(VH),0,3.1,4.2
現在她會心痛,現在(Nd) 她(Nh) 會(D) 心痛(VH),0,3.571428571,4.444444444
都會偷偷的哭泣,都(D) 會(D) 偷偷(D) 的(DE) 哭泣(VA),0,3.0,5.875
我快崩潰了,我(Nh) 快(D) 崩潰(VH) 了(T),0,2.125,7.875
心情跌落谷底,心情(Na) 跌落(VA) 谷底(Nc),0,2.875,4.625
都覺得痛苦和不快,都(D) 覺得(VK) 痛苦(VH) 和(Caa) 不(D) 快(VH),0,3.0,4.666666667
不知不覺的流下淚水,不知不覺(D) 的(DE) 流下(VC) 淚水(Na),0,3.5,4.5
這感覺好難受,這(Nep) 感覺(Na) 好(Dfa) 難受(VH),0,3.0,5.0
有時沒來由的情緒低潮,有時(D) 沒來由(VH) 的(DE) 情緒(Na) 低潮(Na),0,3.888888889,4.333333333
也常莫名的悲傷,也(D) 常(D) 莫名(VH) 的(DE) 悲傷(VH),0,3.0,3.5
無由地要哭泣,無由(D) 地(Na) 要(D) 哭泣(VA),0,3.4444444439999997,4.222222222
想到傷心事會不斷哭泣,想到(VE) 傷心(VH) 事(Na) 會(D) 不斷(D) 哭泣(VA),0,3.375,5.125
覺得非常痛苦,覺得(VK) 非常(Dfa) 痛苦(VH),0,2.0,7.0
真的是很難受,真的(D) 是(SHI) 很(Dfa) 難受(VH),0,3.0,5.8888888889999995
我真的幾乎要崩潰了,我(Nh) 真的(D) 幾乎(Da) 要(D) 崩潰(VH) 了(T),0,2.0,7.875
整天躺在床上哭,整(Neqa) 天(Nf) 躺(VA) 在(P) 床(Na) 上(Ncd) 哭(VA),0,2.625,5.7
但心情還是很低落,但(Cbb) 心情(Na) 還是(D) 很(Dfa) 低落(VH),0,3.111111111,4.0
這讓我心情時時很低落,這(Nep) 讓(VL) 我(Nh) 心情(Na) 時時(D) 很(Dfa) 低落(VH),0,3.375,4.0
只要回想過去就莫名哭泣,只要(Cbb) 回想(VE) 過去(Nd) 就(D) 莫名(VH) 哭泣(VA),0,3.666666667,6.25
好痛苦我需要幫忙,好(Dfa) 痛苦(VH) 我(Nh) 需要(VK) 幫忙(VC),0,2.555555556,6.875
似乎心情永遠好不起來一樣,似乎(D) 心情(Na) 永遠(D) 好不(Dfa) 起來(VH) 一樣(VH),0,3.333333333,3.222222222
會莫名其妙的掉眼淚,會(D) 莫名其妙(VH) 的(DE) 掉(VH) 眼淚(Na),0,3.5,5.0
就哭著入睡,就(D) 哭(VA) 著(Di) 入睡(VH),0,3.333333333,5.428571429
還是痛苦,還是(D) 痛苦(VH),0,3.2,4.25
這讓我很難過,這(Nep) 讓(VL) 我(Nh) 很(Dfa) 難過(VK),0,3.111111111,5.0
我好矛盾也好痛苦,我(Nh) 好(Dfa) 矛盾(VH) 也好(T) 痛苦(VH),0,2.25,5.428571429
好苦好累好灰心,好(Dfa) 苦(VH) 好(VH) 累(VHC) 好(Dfa) 灰心(VH),0,2.625,5.222222222
實在很難過,實在(D) 很(Dfa) 難過(VK),0,2.9,6.1111111110000005
好想遠離這些痛苦,好(VH) 想(VE) 遠離(VCL) 這些(Neqa) 痛苦(VH),0,3.333333333,4.666666667
總是讓我非常傷心,總是(D) 讓(VL) 我(Nh) 非常(Dfa) 傷心(VH),0,2.444444444,5.777777778
心情也不開朗,心情(Na) 也(D) 不(D) 開朗(VH),0,3.4444444439999997,4.375
令我很沮喪,令(VL) 我(Nh) 很(Dfa) 沮喪(VH),0,2.5,4.333333333
卻仍整日以淚洗面,卻(D) 仍(D) 整(Neqa) 日(Nf) 以(P) 淚(Na) 洗面(VA),0,2.9,6.1111111110000005
心情就會很糟,心情(Na) 就(D) 會(D) 很(Dfa) 糟(VH),0,3.333333333,5.0
這兩個星期很難過,這(Nep) 兩(Neu) 個(Nf) 星期(Na) 很(Dfa) 難過(VK),0,3.5555555560000003,4.555555556
自己一直覺得相當傷心,自己(Nh) 一直(D) 覺得(VK) 相當(Dfa) 傷心(VH),0,2.888888889,5.8888888889999995
不然就是不停的哭泣,不然(Cbb) 就是(Cbb) 不停(VA) 的(DE) 哭泣(VA),0,3.625,4.666666667
沒來由的一直哭,沒來由(VH) 的(DE) 一直(D) 哭(VA),0,3.4444444439999997,5.75
心中又有說不出來的哀傷,心(Na) 中(Ng) 又(D) 有(V_2) 說(VE) 不(D) 出(VC) 來(VA) 的(DE) 哀傷(Nv),0,3.5555555560000003,4.875
有時沒有理由想哭,有時(D) 沒有(VJ) 理由(Na) 想(VE) 哭(VA),0,3.0,4.666666667
常常莫名的情緒低落,常常(D) 莫名(VH) 的(DE) 情緒(Na) 低落(VH),0,3.0,3.222222222
我真的好難受,我(Nh) 真的(D) 好(Dfa) 難受(VH),0,2.555555556,6.333333333
時常憂鬱之後,時常(D) 憂鬱(VH) 之後(Ng),0,3.375,3.5555555560000003
最近我的憂鬱情形愈來愈嚴重,最近(Nd) 我(Nh) 的(DE) 憂鬱(Nv) 情形(Na) 愈來愈(Dfa) 嚴重(VH),0,2.555555556,4.5
我好痛苦,我(Nh) 好(Dfa) 痛苦(VH),0,3.0,6.125
以致造成他情緒崩潰,以致(Cbb) 造成(VG) 他(Nh) 情緒(Na) 崩潰(VH),0,2.666666667,5.555555556
真的心情鬱悶,真的(D) 心情(Na) 鬱悶(VH),0,3.5,4.0
我很無助,我(Nh) 很(Dfa) 無助(VH),0,3.5,3.333333333
仍然常哭,仍然(D) 常(D) 哭(VA),0,3.5,5.2
我好想哭哦,我(Nh) 好(VH) 想(VE) 哭(VA) 哦(T),0,3.222222222,5.4
活得好痛苦喔,活(VH) 得(DE) 好(Dfa) 痛苦(VH) 喔(T),0,2.375,7.5
現在的感覺是無奈,現在(Nd) 的(DE) 感覺(Na) 是(SHI) 無奈(VH),0,3.5,3.125
覺得好無奈,覺得(VK) 好(Dfa) 無奈(VH),0,3.75,3.4444444439999997
有點無奈,有點(Dfa) 無奈(VH),0,4.375,2.875
我們全家都感到十分無奈,我們(Nh) 全(Neqa) 家(Nc) 都(D) 感到(VK) 十分(Dfa) 無奈(VH),0,3.111111111,3.571428571
總是對自身情況感覺無奈,總是(D) 對(P) 自身(Nh) 情況(Na) 感覺(Na) 無奈(VH),0,3.25,3.5555555560000003
除了生氣和無奈,除了(P) 生氣(VH) 和(Caa) 無奈(VH),0,3.625,5.3
我經常對任何事悲觀,我(Nh) 經常(D) 對(P) 任何(Neqa) 事(Na) 悲觀(VH),0,3.333333333,4.1111111110000005
看世界太悲觀消極,看(VC) 世界(Nc) 太(Dfa) 悲觀(VH) 消極(VH),0,2.333333333,4.8571428569999995
心情也不開朗,心情(Na) 也(D) 不(D) 開朗(VH),0,3.5,4.222222222
我是一個悲觀的人,我(Nh) 是(SHI) 一(Neu) 個(Nf) 悲觀(VH) 的(DE) 人(Na),0,3.25,3.25
卻有著悲觀無比的心,卻(D) 有(V_2) 著(Di) 悲觀(VH) 無比(VH) 的(DE) 心(Na),0,2.625,4.444444444
所以我對朋友絕望,所以(Cbb) 我(Nh) 對(P) 朋友(Na) 絕望(VH),0,3.111111111,5.375
幾近絕望,幾近(VJ) 絕望(VH),0,2.0,4.25
我開始感到絕望,我(Nh) 開始(VL) 感到(VK) 絕望(VH),0,3.0,3.4444444439999997
一次一次的絕望,一(Neu) 次(Nf) 一(Neu) 次(Nf) 的(DE) 絕望(VH),0,2.2,5.444444444
常常想到絕望害怕,常常(D) 想到(VE) 絕望(VH) 害怕(VK),0,2.333333333,6.333333333
絕望極了,絕望(VH) 極了(Dfb),0,1.222222222,7.333333333
心情真的很亂,心情(Na) 真的(D) 很(Dfa) 亂(VH),0,3.428571429,4.375
心情的起伏也十分大,心情(Na) 的(DE) 起伏(Nv) 也(D) 十分(Dfa) 大(VH),0,4.222222222,5.555555556
心情的起伏非常大,心情(Na) 的(DE) 起伏(Nv) 非常(Dfa) 大(VH),0,4.0,3.5
心情無法平靜下來,心情(Na) 無法(D) 平靜下來(VH),0,4.375,5.9
但心情仍找不到平靜,但(Cbb) 心情(Na) 仍(D) 找(VC) 不(D) 到(VC) 平靜(VH),0,3.666666667,4.5
心情起伏不定的感覺,心情(Na) 起伏(VA) 不定(VH) 的(DE) 感覺(Na),0,3.5,3.625
心情一直在轉變,心情(Na) 一直(D) 在(P) 轉變(VHC),0,4.375,3.5
心情飄忽令我感到不易適應,心情(Na) 飄忽(VH) 令(VL) 我(Nh) 感到(VK) 不易(VH) 適應(VJ),0,3.5,3.888888889
心情一直很煩悶,心情(Na) 一直(D) 很(Dfa) 煩悶(VH),0,3.111111111,4.8888888889999995
憂鬱時心情煩悶,憂鬱(VH) 時(Ng) 心情(Na) 煩悶(VH),0,3.666666667,5.0
我是極度孤寂,我(Nh) 是(SHI) 極度(Dfa) 孤寂(VH),0,3.4444444439999997,4.444444444
家人不在覺得孤單,家人(Na) 不(D) 在(P) 覺得(VK) 孤單(VH),0,4.1111111110000005,3.5555555560000003
讓我覺得很孤單,讓(VL) 我(Nh) 覺得(VK) 很(Dfa) 孤單(VH),0,3.5555555560000003,2.75
覺得很孤單,覺得(VK) 很(Dfa) 孤單(VH),0,4.0,3.888888889
覺得自己很孤單,覺得(VK) 自己(Nh) 很(Dfa) 孤單(VH),0,3.4444444439999997,3.0
和我經常感寂寞,和(P) 我(Nh) 經常(D) 感(VK) 寂寞(VH),0,3.375,2.875
我很怕孤獨寂寞和黑夜,我(Nh) 很(Dfa) 怕(VK) 孤獨(VH) 寂寞(VH) 和(Caa) 黑夜(Nd),0,3.0,4.0
感覺好寂寞,感覺(VK) 好(Dfa) 寂寞(VH),0,3.222222222,3.0
我真的很孤獨,我(Nh) 真的(D) 很(Dfa) 孤獨(VH),0,3.222222222,4.1111111110000005
非常非常孤單的感覺,非常(Dfa) 非常(Dfa) 孤單(VH) 的(DE) 感覺(Na),0,3.375,4.875
我很怕孤單,我(Nh) 很(Dfa) 怕(VK) 孤單(VH),0,3.333333333,4.5
偏偏孤單常常陪伴著我,偏偏(D) 孤單(VH) 常常(D) 陪伴(VC) 著(Di) 我(Nh),0,3.571428571,4.0
我經常感到很空虛,我(Nh) 經常(D) 感到(VK) 很(Dfa) 空虛(VH),0,3.5,3.625
心裡充滿空虛,心(Na) 裡(Ncd) 充滿(VJ) 空虛(VH),0,3.5555555560000003,3.666666667
我卻覺得很空虛,我(Nh) 卻(D) 覺得(VK) 很(Dfa) 空虛(VH),0,3.5,3.5
晚上我就會感到無比空虛,晚上(Nd) 我(Nh) 就(D) 會(D) 感到(VK) 無比(VH) 空虛(VH),0,3.375,4.222222222
最近感覺心中空虛,最近(Nd) 感覺(Na) 心(Na) 中(Ng) 空虛(VH),0,4.0,4.375
其實我好悶,其實(D) 我(Nh) 好(Dfa) 悶(VH),0,3.4444444439999997,3.333333333
從大一開始會覺得胸口鬱悶,從(P) 大一(Na) 開始(Ng) 會(D) 覺得(VK) 胸口(Nc) 鬱悶(VH),0,3.625,4.777777778
心情好悶,心情(Na) 好(Dfa) 悶(VH),0,3.5,4.1111111110000005
胸口鬱悶,胸口(Nc) 鬱悶(VH),0,3.888888889,3.4444444439999997
胸口很悶,胸口(Nc) 很(Dfa) 悶(VH),0,3.5,4.0
常常想起就覺心頭悶,常常(D) 想起(VE) 就(D) 覺(VK) 心頭(Nc) 悶(VH),0,3.2,3.888888889
就總覺得悶,就(D) 總(D) 覺得(VK) 悶(VH),0,4.0,3.7
結論大多離不開我很悶,結論(Na) 大多(Neqa) 離不開(VJ) 我(Nh) 很(Dfa) 悶(VH),0,3.25,3.777777778
是因為我很悶的關係,是(SHI) 因為(Cbb) 我(Nh) 很(Dfa) 悶(VH) 的(DE) 關係(Na),0,3.625,3.75
我也沒什麼心情去管,我(Nh) 也(D) 沒(VJ) 什麼(Nep) 心情(Na) 去(D) 管(VE),0,3.5555555560000003,4.125
很空虛至於衝動的行為,很(Dfa) 空虛(VH) 至於(P) 衝動(VH) 的(DE) 行為(Na),0,2.9,6.3
我又再消沉,我(Nh) 又(D) 再(D) 消沉(VH),0,3.0,4.2
近來自暴自棄,近來(D) 自暴自棄(VH),0,2.7,4.333333333
自暴自棄,自暴自棄(VH),0,2.4285714290000002,4.875
反而心情變沉重了,反而(Cbb) 心情(Na) 變(VH) 沉重(VH) 了(T),0,3.4444444439999997,3.714285714
心情一直都很沉重,心情(Na) 一直(D) 都(D) 很(Dfa) 沉重(VH),0,3.4444444439999997,3.666666667
想法極度的消極,想法(Na) 極度(Dfa) 的(DE) 消極(VH),0,2.333333333,6.625
現在的我對生活好消極,現在(Nd) 的(DE) 我(Nh) 對(P) 生活(Na) 好(Dfa) 消極(VH),0,3.1,5.1111111110000005
變得消極的極端自我,變得(VJ) 消極(VH) 的(DE) 極端(Dfa) 自我(VH),0,2.75,4.555555556
我好灰心,我(Nh) 好(Dfa) 灰心(VH),0,3.571428571,3.5555555560000003
真的令我感到很灰心,真的(D) 令(VL) 我(Nh) 感到(VK) 很(Dfa) 灰心(VH),0,3.6,4.1111111110000005
令我感到灰心,令(VL) 我(Nh) 感到(VK) 灰心(VH),0,3.428571429,4.1111111110000005
我感到很灰心,我(Nh) 感到(VK) 很(Dfa) 灰心(VH),0,3.714285714,3.625
我只會感到更灰心,我(Nh) 只(Da) 會(D) 感到(VK) 更(D) 灰心(VH),0,3.4,4.222222222
覺得很累很灰心,覺得(VK) 很(Dfa) 累(VHC) 很(Dfa) 灰心(VH),0,2.666666667,5.0
覺得好孤單好不安,覺得(VK) 好(Dfa) 孤單(VH) 好(VH) 不安(VH),0,3.5,3.666666667
卻感到寂寞的感覺,卻(D) 感到(VK) 寂寞(VH) 的(DE) 感覺(Na),0,4.0,3.222222222
現在我有種很孤單的感覺,現在(Nd) 我(Nh) 有(V_2) 種(Nf) 很(Dfa) 孤單(VH) 的(DE) 感覺(Na),0,3.571428571,5.222222222
我開始覺得孤單了,我(Nh) 開始(VL) 覺得(VK) 孤單(VH) 了(T),0,3.888888889,3.5
感覺很孤單,感覺(VK) 很(Dfa) 孤單(VH),0,3.666666667,3.75
可是我還是會寂寞,可是(Cbb) 我(Nh) 還是(D) 會(D) 寂寞(VH),0,3.111111111,4.5
顯的落寞孤單,顯(VK) 的(DE) 落寞(VH) 孤單(VH),0,3.5,3.888888889
但我覺得好孤單,但(Cbb) 我(Nh) 覺得(VK) 好(Dfa) 孤單(VH),0,3.5,3.888888889
刻的感到孤獨,刻(VC) 的(DE) 感到(VK) 孤獨(VH),0,3.5,3.0
我可能是有點孤單吧,我(Nh) 可能(D) 是(SHI) 有點(Dfa) 孤單(VH) 吧(T),0,3.5555555560000003,4.125
我總覺得我很苦命,我(Nh) 總(D) 覺得(VK) 我(Nh) 很(Dfa) 苦命(VH),0,2.625,5.375
有種對不起現在男朋友的感覺,有(V_2) 種(Nf) 對不起(VJ) 現在(Nd) 男朋友(Na) 的(DE) 感覺(Na),0,3.625,5.1111111110000005
覺得對不起家人,覺得(VK) 對不起(VJ) 家人(Na),0,3.4444444439999997,4.777777778
我一直覺得很對不起他們,我(Nh) 一直(D) 覺得(VK) 很(Dfa) 對不起(VJ) 他們(Nh),0,3.0,3.777777778
怪自己教不好,怪(VK) 自己(Nh) 教(VC) 不(D) 好(VH),0,4.0,5.1428571430000005
我好後悔喔,我(Nh) 好(Dfa) 後悔(VL) 喔(T),0,3.285714286,5.1
撕碎紙張事後又後悔,撕碎(VC) 紙張(Na) 事(Na) 後(Ng) 又(D) 後悔(VL),0,4.0,4.666666667
但是事後又會覺得後悔,但是(Cbb) 事(Na) 後(Ng) 又(D) 會(D) 覺得(VK) 後悔(VL),0,3.6,4.4
但我會一輩子後悔的,但(Cbb) 我(Nh) 會(D) 一輩子(Na) 後悔(VL) 的(DE),0,3.2,5.8888888889999995
但是事後我又會後悔,但是(Cbb) 事(Na) 後(Ng) 我(Nh) 又(D) 會(D) 後悔(VL),0,3.75,4.375
可是之後又後悔的要死,可是(Cbb) 之後(Nd) 又(D) 後悔(VL) 的(DE) 要(D) 死(VH),0,3.5,6.222222222
每次都後悔,每(Nes) 次(Nf) 都(D) 後悔(VL),0,3.25,4.571428571
現在我反而後悔了,現在(Nd) 我(Nh) 反而(Cbb) 後悔(VL) 了(Di),0,3.625,3.888888889
很後悔做了這份工作,很(Dfa) 後悔(VL) 做(VC) 了(Di) 這(Nep) 份(Nf) 工作(Na),0,3.375,4.7
我只會拖累別人,我(Nh) 只(Da) 會(D) 拖累(VC) 別人(Nh),0,3.5555555560000003,4.75
我不能這樣子我會拖累大家,我(Nh) 不能(D) 這樣子(VH) 我(Nh) 會(D) 拖累(VC) 大家(Nh),0,3.75,3.5
拖累家人我很難過,拖累(VC) 家人(Na) 我(Nh) 很(Dfa) 難過(VK),0,3.0,5.333333333
有時覺得愧疚,有時(D) 覺得(VK) 愧疚(VH),0,3.375,4.333333333
還會因而產生愧疚感,還(D) 會(D) 因而(Cbb) 產生(VHC) 愧疚感(Na),0,3.666666667,4.1
卻也對於父母有些愧疚,卻(D) 也(D) 對於(P) 父母(Na) 有(V_2) 些(Nf) 愧疚(VH),0,3.727272727,3.454545455
我依然很愧疚,我(Nh) 依然(D) 很(Dfa) 愧疚(VH),0,3.4444444439999997,5.0
我萬般愧疚,我(Nh) 萬般(D) 愧疚(VH),0,3.111111111,4.875
我很內疚,我(Nh) 很(Dfa) 內疚(VH),0,3.0,5.625
除了嚴重內疚之外,除了(P) 嚴重(VH) 內疚(VH) 之外(Ng),0,2.625,5.777777778
一直心存內疚,一直(D) 心(Na) 存(VC) 內疚(VH),0,3.888888889,5.1428571430000005
但吃完又會罪惡感,但(Cbb) 吃完(VC) 又(D) 會(D) 罪惡感(Na),0,4.25,3.6
罪惡感有點重,罪惡感(Na) 有點(Dfa) 重(VH),0,3.5,5.125
也伴有罪惡感,也(D) 伴有(VJ) 罪惡感(Na),0,3.0,4.555555556
都會有很強烈的罪惡感,都(D) 會(D) 有(V_2) 很(Dfa) 強烈(VH) 的(DE) 罪惡感(Na),0,2.555555556,4.625
但沒上班又會有罪惡感,但(Cbb) 沒(D) 上班(VA) 又(D) 會(D) 有(V_2) 罪惡感(Na),0,3.875,3.875
又會有罪惡感跑去催吐,又(D) 會(D) 有(V_2) 罪惡感(Na) 跑去(VCL) 催吐(VC),0,3.888888889,5.125
會有罪惡感,會(D) 有(V_2) 罪惡感(Na),0,3.75,4.777777778
過多的罪惡感,過多(VH) 的(DE) 罪惡感(Na),0,2.777777778,5.625
心中有極深的罪惡感,心(Na) 中(Ng) 有(V_2) 極(Dfa) 深(VH) 的(DE) 罪惡感(Na),0,2.4285714290000002,5.125
時時有罪惡感的感覺,時時(D) 有(V_2) 罪惡感(Na) 的(DE) 感覺(Na),0,3.5555555560000003,3.111111111
不知不覺的自責,不知不覺(D) 的(DE) 自責(Nv),0,3.333333333,4.222222222
因此非常自責,因此(Cbb) 非常(Dfa) 自責(VA),0,3.666666667,5.1111111110000005
且自責不已,且(Cbb) 自責(VA) 不已(VH),0,3.1,4.0
對自己不能停止的自責,對(P) 自己(Nh) 不能(D) 停止(VF) 的(DE) 自責(Nv),0,3.375,6.375
心裡非常自責,心(Na) 裡(Ncd) 非常(Dfa) 自責(VA),0,3.222222222,6.0
說一些自責的話,說(VE) 一些(Neqa) 自責(VA) 的(DE) 話(Na),0,3.625,3.625
誰死便得幸福,誰(Nh) 死(VH) 便(D) 得(D) 幸福(VH),1,1.625,6.142857143
因為死是最好的事,因為(Cbb) 死(VH) 是(SHI) 最好(VH) 的(DE) 事(Na),1,1.222222222,5.1111111110000005
我不想這樣活著,我(Nh) 不(D) 想(VE) 這樣(VH) 活(VH) 著(Di),1,2.125,5.1111111110000005
對生命沒有絲毫的熱情,對(P) 生命(Na) 沒有(VJ) 絲毫(Neqa) 的(DE) 熱情(Na),1,2.6,3.4444444439999997
完全沒有求生意志,完全(D) 沒有(VJ) 求生(Nv) 意志(Na),1,1.222222222,4.7
因為覺得活著毫無意義,因為(Cbb) 覺得(VK) 活(VH) 著(Di) 毫無(VJ) 意義(Na),1,2.714285714,4.0
覺得人生變得無啥意義,覺得(VK) 人生(Na) 變得(VJ) 無(VJ) 啥(Nep) 意義(Na),1,2.4285714290000002,4.0
漸漸覺得人生出來應該死,漸漸(D) 覺得(VK) 人(Na) 生出來(VB) 應該(D) 死(VH),1,1.7777777780000001,5.4
活著又如何,活(VH) 著(Di) 又(D) 如何(D),1,2.9,3.222222222
對人生已感到絕望,對(P) 人生(Na) 已(D) 感到(VK) 絕望(VH),1,1.333333333,6.222222222
譬如活著是為了什麼,譬如(P) 活(VH) 著(Di) 是(SHI) 為了(P) 什麼(Nep),1,2.75,3.777777778
活著只是拖時間罷了,活(VH) 著(Di) 只是(D) 拖時間(VA) 罷了(T),1,1.875,4.375
覺得活著沒意思,覺得(VK) 活(VH) 著(Di) 沒意思(VH),1,1.625,4.444444444
感到活著沒有什麼意思,感到(VK) 活(VH) 著(Di) 沒有(VJ) 什麼(Nep) 意思(Na),1,1.6666666669999999,5.4
人生真的沒有什麼意思,人生(Na) 真的(D) 沒有(VJ) 什麼(Nep) 意思(Na),1,2.375,5.625
覺得生活沒意義,覺得(VK) 生活(Na) 沒(VJ) 意義(Na),1,3.1,3.875
不知道生命的意義為何,不(D) 知道(VK) 生命(Na) 的(DE) 意義(Na) 為何(D),1,2.75,4.444444444
覺得人生沒有意義,覺得(VK) 人生(Na) 沒有(VJ) 意義(Na),1,2.333333333,5.333333333
現在已經不知道怎樣活下去,現在(Nd) 已經(D) 不(D) 知道(VK) 怎樣(D) 活下去(VH),1,1.7777777780000001,5.714285714
找不到活下去的理由,找(VC) 不(D) 到(VC) 活下去(VH) 的(DE) 理由(Na),1,2.333333333,5.444444444
自己沒有生存價值,自己(Nh) 沒有(D) 生存(VH) 價值(Na),1,2.444444444,4.9
覺得自己活的很沒價值,覺得(VK) 自己(Nh) 活(VH) 的(DE) 很(Dfa) 沒(VJ) 價值(Na),1,2.25,4.222222222
到底活著是為了什麼,到底(D) 活(VH) 著(Di) 是(SHI) 為了(P) 什麼(Nep),1,2.333333333,5.0
也不懂究竟為什麼而活,也(D) 不(D) 懂(VK) 究竟(D) 為什麼(D) 而(Cbb) 活(VH),1,2.6,4.666666667
好希望能一覺不醒,好(Dfa) 希望(VK) 能(D) 一(D) 覺(VK) 不(D) 醒(VA),1,3.333333333,4.333333333
但現實好無力有時心理想不開,但(Cbb) 現實(Na) 好(Dfa) 無力(VH) 有時(D) 心理(Na) 想不開(VH),1,2.5,4.555555556
也經常想不開,也(D) 經常(D) 想不開(VH),1,3.0,4.7
我不需要生存,我(Nh) 不(D) 需要(VK) 生存(VH),1,2.333333333,5.444444444
但不喜歡生存,但(Cbb) 不(D) 喜歡(VK) 生存(VH),1,2.375,4.5
本來就不該存在世界上,本來(D) 就(D) 不(D) 該(D) 存在(VA) 世界(Nc) 上(Ncd),1,1.888888889,5.0
我也痛恨生命,我(Nh) 也(D) 痛恨(VJ) 生命(Na),1,1.6666666669999999,7.0
為何人生變得如此無趣,為何(D) 人生(Na) 變得(VJ) 如此(Dfa) 無趣(VH),1,2.888888889,3.8
常常會覺得人生已經沒有意義,常常(D) 會(D) 覺得(VK) 人生(Na) 已經(D) 沒有(VJ) 意義(Na),1,2.444444444,5.2
但活著真的很苦,但(Cbb) 活(VH) 著(Di) 真的(D) 很(Dfa) 苦(VH),1,2.125,5.555555556
生存還是很痛苦,生存(VH) 還是(D) 很(Dfa) 痛苦(VH),1,2.5,5.125
令我覺得生命好苦,令(VL) 我(Nh) 覺得(VK) 生命(Na) 好(Dfa) 苦(VH),1,2.555555556,5.8888888889999995
活著好苦,活(VH) 著(Di) 好(Dfa) 苦(VH),1,2.333333333,4.75
可是有時候就是活的累,可是(Cbb) 有時候(D) 就是(Cbb) 活(VH) 的(DE) 累(VHC),1,3.0,6.125
還有心情不穩就會傷害自己,還(D) 有(V_2) 心情(Na) 不(D) 穩(VH) 就(D) 會(D) 傷害(VC) 自己(Nh),1,2.777777778,5.1111111110000005
有時甚至會想傷害自己,有時(D) 甚至(D) 會(D) 想(VE) 傷害(VC) 自己(Nh),1,2.222222222,5.4
便想自我了斷,便(D) 想(VE) 自我(Nh) 了斷(VC),1,1.333333333,7.0
我會自己傷害自己,我(Nh) 會(D) 自己(Nh) 傷害(VC) 自己(Nh),1,2.777777778,4.8888888889999995
因為偶而會傷害自己的身體,因為(Cbb) 偶而(D) 會(D) 傷害(VC) 自己(Nh) 的(DE) 身體(Na),1,3.0,6.0
有時不只想傷自己,有時(D) 不只(Da) 想(VE) 傷(VHC) 自己(Nh),1,2.333333333,4.75
甚至自己傷害自己,甚至(Cbb) 自己(Nh) 傷害(VC) 自己(Nh),1,2.625,5.875
而拿刀子割自己的手,而(Cbb) 拿(VC) 刀子(Na) 割(VC) 自己(Nh) 的(DE) 手(Na),1,1.4444444440000002,7.25
行為失控拿刀自傷,行為(Na) 失控(VH) 拿(VC) 刀(Na) 自傷(VH),1,1.0,7.0
以前的我只會傷害自己,以前(Nd) 的(DE) 我(Nh) 只(Da) 會(D) 傷害(VC) 自己(Nh),1,2.666666667,4.1111111110000005
三二八我企圖跳樓自殺,三二八(Neu) 我(Nh) 企圖(VF) 跳樓(VA) 自殺(VA),1,1.6,7.333333333
我隔天吞藥自殺,我(Nh) 隔(VJ) 天吞藥(Na) 自殺(VA),1,1.222222222,7.444444444
一種極度厭世的感覺上升,一(Neu) 種(Nf) 極度(Dfa) 厭世(VH) 的(DE) 感覺(Na) 上升(VA),1,2.444444444,5.25
對人生的存在價值存疑,對(P) 人生(Na) 的(DE) 存在(Nv) 價值(Na) 存疑(VI),1,3.0,4.714285714
說來是自己想不開,說來(D) 是(SHI) 自己(Nh) 想不開(VH),1,2.888888889,4.1111111110000005
我覺得人生沒有意義,我(Nh) 覺得(VK) 人生(Na) 沒有(VJ) 意義(Na),1,2.333333333,3.9
找不到自己生命的能量和推動力,找(VC) 不(D) 到(VC) 自己(Nh) 生命(Na) 的(DE) 能量(Na) 和(Caa) 推動力(Na),1,3.375,4.333333333
甚至想割腕的衝動,甚至(D) 想(VE) 割(VC) 腕(Na) 的(DE) 衝動(Nv),1,1.6,6.875
我的人生己經完了,我(Nh) 的(DE) 人生(Na) 己經(D) 完(VC) 了(Di),1,1.333333333,6.4
可從然赴死,可(D) 從(P) 然(VH) 赴(VCL) 死(VH),1,1.6666666669999999,5.666666667
她可從然就死,她(Nh) 可(D) 從(P) 然(VH) 就(D) 死(VH),1,1.888888889,5.125
從陽台跳下就一了百了,從(P) 陽台(Na) 跳下(VCL) 就(D) 一了百了(VH),1,1.625,6.8888888889999995
寧可一覺不醒,寧可(VK) 一(Neu) 覺(Na) 不(D) 醒(VA),1,2.375,6.2
就會拿刀自傷,就(D) 會(D) 拿(VC) 刀(Na) 自傷(VH),1,1.4444444440000002,7.75
甚至連生命都可以給他,甚至(Cbb) 連(Cbb) 生命(Na) 都(D) 可以(D) 給(VD) 他(Nh),1,4.0,6.285714286
人生的意義何在,人生(Na) 的(DE) 意義(Na) 何在(VH),1,2.75,3.5555555560000003
去年在醫師面前割腕,去年(Nd) 在(P) 醫師(Na) 面前(Nc) 割(VC) 腕(Na),1,1.0,8.625
我並非沒有勇氣自殺,我(Nh) 並非(D) 沒有(VJ) 勇氣(Na) 自殺(VA),1,3.142857143,5.777777778
覺得活著沒有意義,覺得(VK) 活(VH) 著(Di) 沒有(VJ) 意義(Na),1,1.7777777780000001,6.0
我有時想不開都會想自殺,我(Nh) 有時(D) 想不開(VH) 都(D) 會(D) 想(VE) 自殺(VA),1,1.5,6.666666667
覺得人活著有何意思,覺得(VK) 人(Na) 活(VH) 著(Di) 有(V_2) 何(Nes) 意思(Na),1,2.444444444,5.0
為什麼不早一點死,為什麼(D) 不(D) 早一點(D) 死(VH),1,1.6666666669999999,7.444444444
但只畫頭而沒有手,但(Cbb) 只(Da) 畫(VC) 頭(Na) 而(Cbb) 沒有(VJ) 手(Na),1,4.5,3.5
有厭世的傾向,有(V_2) 厭世(VH) 的(DE) 傾向(Na),1,2.375,4.75
我真的想自殺,我(Nh) 真的(D) 想(VE) 自殺(VA),1,1.75,7.222222222
我還是有自殺的念頭,我(Nh) 還是(D) 有(V_2) 自殺(VA) 的(DE) 念頭(Na),1,1.6666666669999999,5.1111111110000005
她之前常常想到要自殺,她(Nh) 之前(Ng) 常常(D) 想到(VE) 要(D) 自殺(VA),1,1.7777777780000001,4.8888888889999995
昨天還說他想要自殺,昨天(Nd) 還(D) 說(VE) 他(Nh) 想要(VE) 自殺(VA),1,2.111111111,5.125
甚至還是會很想死,甚至(D) 還是(D) 會(D) 很(Dfa) 想(VE) 死(VH),1,1.888888889,5.625
會煩躁的想死掉算了,會(D) 煩躁(VH) 的(DE) 想(VE) 死掉(VH) 算了(VH),1,1.75,6.2
我常常想著去死,我(Nh) 常常(D) 想(VE) 著(Di) 去(D) 死(VH),1,1.5,5.8888888889999995
扮演自己將要自殺,扮演(VC) 自己(Nh) 將要(D) 自殺(VA),1,2.125,4.4
總覺得人生很沒意義,總(D) 覺得(VK) 人生(Na) 很(Dfa) 沒(VJ) 意義(Na),1,2.777777778,4.555555556
每天都想著好想自殺,每(Nes) 天(Nf) 都(D) 想(VE) 著(Di) 好(VH) 想(VE) 自殺(VA),1,1.0,7.444444444
居然自殺,居然(D) 自殺(VA),1,2.111111111,6.8888888889999995
甚至想自殺,甚至(D) 想(VE) 自殺(VA),1,2.0,6.125
有時侯真想死了算了,有(V_2) 時侯(Na) 真(D) 想(VE) 死(VH) 了(Di) 算了(VH),1,1.5,7.333333333
也曾想過自殺,也(D) 曾(D) 想(VE) 過(Di) 自殺(VA),1,1.6666666669999999,4.666666667
甚至想死一死算了,甚至(D) 想(VE) 死(VH) 一(Neu) 死(VH) 算了(VH),1,1.5555555559999998,8.125
很想死了一了百了,很(Dfa) 想(VE) 死(VH) 了(Di) 一了百了(VH),1,1.111111111,7.666666667
這樣就不算自殺了,這樣(VH) 就(D) 不(D) 算(VG) 自殺(VA) 了(Di),1,3.375,3.8
就會很想自殺,就(D) 會(D) 很(Dfa) 想(VE) 自殺(VA),1,1.625,7.285714286
好想一死百了,好(VH) 想(VE) 一(Neu) 死(VH) 百(Neu) 了(T),1,1.9,5.222222222
他嘗試自殺三次,他(Nh) 嘗試(VF) 自殺(VA) 三(Neu) 次(Nf),1,1.5,6.0
常常會想到自殺的畫面,常常(D) 會(D) 想到(VE) 自殺(VA) 的(DE) 畫面(Na),1,1.625,4.75
我要一死,我(Nh) 要(D) 一(D) 死(VH),1,1.0,6.8888888889999995
且想死的徹底,且(Cbb) 想(VE) 死(VH) 的(DE) 徹底(VH),1,1.4,7.1111111110000005
常感到不要活著,常(D) 感到(VK) 不要(D) 活(VH) 著(Di),1,1.7777777780000001,6.555555556
非常想自殺,非常(Dfa) 想(VE) 自殺(VA),1,1.5,8.0
以前有過自殘的經驗,以前(Nd) 有(V_2) 過(Di) 自殘(VA) 的(DE) 經驗(Na),1,2.111111111,3.875
之前情況曾經差到想自殺,之前(Nd) 情況(Na) 曾經(D) 差(VH) 到(P) 想(VE) 自殺(VA),1,2.714285714,4.625
好想自殺喔,好(VH) 想(VE) 自殺(VA) 喔(T),1,1.5,7.0
我有過輕生的想法,我(Nh) 有(V_2) 過(Di) 輕生(VA) 的(DE) 想法(Na),1,2.5,4.0
就是讓自己死,就是(Cbb) 讓(VL) 自己(Nh) 死(VH),1,1.222222222,7.333333333
不知道有多少次想死,不(D) 知道(VK) 有(V_2) 多少(Neqa) 次(Nf) 想(VE) 死(VH),1,1.625,5.857142857
好想自殺,好(VH) 想(VE) 自殺(VA),1,1.0,7.333333333
我已經開始在計劃死亡了,我(Nh) 已經(D) 開始(VL) 在(P) 計劃(Na) 死亡(VH) 了(T),1,1.5,5.8888888889999995
我好想死,我(Nh) 好(VH) 想(VE) 死(VH),1,1.333333333,7.444444444
常常想自殺做了結,常常(D) 想(VE) 自殺(VA) 做(VC) 了結(VC),1,1.4444444440000002,5.875
想著自殺,想(VE) 著(Di) 自殺(VA),1,1.888888889,5.0
我一定會選擇自殺,我(Nh) 一定(D) 會(D) 選擇(VC) 自殺(VA),1,1.4444444440000002,6.8888888889999995
我好想一了百了,我(Nh) 好(VH) 想(VE) 一了百了(VH),1,1.625,5.625
之前就有幾次自殺行為,之前(Nd) 就(D) 有(V_2) 幾(Neu) 次(Nf) 自殺(Nv) 行為(Na),1,1.8,5.4
我已經好幾次想自殺,我(Nh) 已經(D) 好幾(Neu) 次(Nf) 想(VE) 自殺(VA),1,1.6,6.1
好幾次想死,好幾(Neu) 次(Nf) 想(VE) 死(VH),1,1.333333333,6.0
真想死掉算了,真(D) 想(VE) 死掉(VH) 算了(VH),1,1.4444444440000002,6.3
好想去死,好(VH) 想(VE) 去(D) 死(VH),1,1.4444444440000002,7.222222222
每天都想死,每(Nes) 天(Nf) 都(D) 想(VE) 死(VH),1,1.333333333,7.444444444
半夜跑到外面去拿刀子自殺,半夜(Nd) 跑到(VCL) 外面(Ncd) 去(D) 拿(VC) 刀子(Na) 自殺(VA),1,1.333333333,7.666666667
最近的我一直想自殺,最近(Nd) 的(DE) 我(Nh) 一直(D) 想(VE) 自殺(VA),1,1.4444444440000002,7.0
前天我自殺,前天(Nd) 我(Nh) 自殺(VA),1,1.0,8.5
我曾想自殺尋解脫,我(Nh) 曾(D) 想(VE) 自殺(VA) 尋(VC) 解脫(VC),1,1.5555555559999998,7.333333333
便會想死,便(D) 會(D) 想(VE) 死(VH),1,2.0,5.333333333
有想自殘的念頭,有(V_2) 想(VE) 自殘(VA) 的(DE) 念頭(Na),1,1.7777777780000001,5.8888888889999995
我已有數不清的自殺紀錄,我(Nh) 已(D) 有(V_2) 數不清(VH) 的(DE) 自殺(Nv) 紀錄(Na),1,1.222222222,7.5
曾有過自殺的念頭,曾(D) 有(V_2) 過(Di) 自殺(VA) 的(DE) 念頭(Na),1,2.5,4.444444444
甚至想要自殺尋求解脫,甚至(D) 想要(VE) 自殺(VA) 尋求(VC) 解脫(VC),1,2.0,6.0
甚至到了想自殺,甚至(D) 到(VCL) 了(Di) 想(VE) 自殺(VA),1,2.0,6.444444444
情緒失控會想死,情緒(Na) 失控(VH) 會(D) 想(VE) 死(VH),1,1.6666666669999999,7.375
常常就這樣想到死亡,常常(D) 就(D) 這樣(VH) 想到(VE) 死亡(VH),1,1.5,4.333333333
我想我死了,我(Nh) 想(VE) 我(Nh) 死(VH) 了(T),1,1.5555555559999998,6.125
想到用死解脫,想到(VE) 用(P) 死(VH) 解脫(VC),1,1.4,5.75
雖說有想自殺的念頭,雖說(Cbb) 有(V_2) 想(VE) 自殺(VA) 的(DE) 念頭(Na),1,2.7,3.25
甚至想要自殺,甚至(D) 想要(VE) 自殺(VA),1,1.625,5.444444444
可是我還是想死,可是(Cbb) 我(Nh) 還是(D) 想(VE) 死(VH),1,1.5555555559999998,6.444444444
我不時會想到自殺了結一切,我(Nh) 不時(D) 會(D) 想到(VE) 自殺(VA) 了結(VC) 一切(Neqa),1,2.0,5.8888888889999995
讓我輕鬆愉快的死去,讓(VL) 我(Nh) 輕鬆(VH) 愉快(VH) 的(DE) 死去(VH),1,1.4444444440000002,3.25
還是會有自殺的念頭,還是(D) 會(D) 有(V_2) 自殺(VA) 的(DE) 念頭(Na),1,1.7777777780000001,5.5
我就會想自殺,我(Nh) 就(D) 會(D) 想(VE) 自殺(VA),1,1.5,6.375
當我憂鬱時我想自殺,當(P) 我(Nh) 憂鬱(VH) 時(Ng) 我(Nh) 想(VE) 自殺(VA),1,2.75,5.1
自殘行為,自殘(Nv) 行為(Na),1,2.5714285709999998,6.444444444
輕生的念頭不的泛起,輕生(VA) 的(DE) 念頭(Na) 不(D) 的(DE) 泛起(VJ),1,2.3,4.222222222
輕生念頭不斷浮現,輕生(VA) 念頭(Na) 不斷(D) 浮現(VH),1,1.7777777780000001,5.1428571430000005
有時候會有自殺的念頭,有時候(D) 會(D) 有(V_2) 自殺(VA) 的(DE) 念頭(Na),1,1.6666666669999999,5.5
嚴重時想到自殺,嚴重(VH) 時(Ng) 想到(VE) 自殺(VA),1,2.0,5.555555556
曾講過想自殺,曾(D) 講(VE) 過(Di) 想(VE) 自殺(VA),1,1.875,4.8888888889999995
打算自殺時用,打算(VF) 自殺(VA) 時(Ng) 用(P),1,1.222222222,6.8888888889999995
曾想自殺,曾(D) 想(VE) 自殺(VA),1,1.9,5.0
我有時真覺得死了算了,我(Nh) 有時(D) 真(D) 覺得(VK) 死(VH) 了(Di) 算了(VH),1,1.5,5.555555556
她早就自殺了,她(Nh) 早(D) 就(D) 自殺(VA) 了(Di),1,1.0,6.6
想了結自己的生命,想(VE) 了結(VC) 自己(Nh) 的(DE) 生命(Na),1,1.0,5.6
開始有自殘的傾向,開始(VL) 有(V_2) 自殘(VA) 的(DE) 傾向(Na),1,2.375,6.75
很快又要去死,很(Dfa) 快(VH) 又(D) 要(D) 去(D) 死(VH),1,1.25,7.5
嚴重時甚至想要自殺,嚴重(VH) 時(Ng) 甚至(D) 想要(VE) 自殺(VA),1,1.5,5.8
有自殺的念頭,有(V_2) 自殺(VA) 的(DE) 念頭(Na),1,2.0,6.444444444
我很想自殺,我(Nh) 很(Dfa) 想(VE) 自殺(VA),1,1.4,6.666666667
那時我真的想死,那時(Nd) 我(Nh) 真的(D) 想(VE) 死(VH),1,1.9,6.0
我想過要自殺,我(Nh) 想(VE) 過(Di) 要(D) 自殺(VA),1,2.375,6.1111111110000005
我很想死,我(Nh) 很(Dfa) 想(VE) 死(VH),1,1.6666666669999999,6.4
我常有自殺的念頭,我(Nh) 常(D) 有(V_2) 自殺(VA) 的(DE) 念頭(Na),1,1.4444444440000002,6.555555556
或許會真的去死,或許(D) 會(D) 真的(D) 去(D) 死(VH),1,1.375,6.571428571
只知道很想死,只(Da) 知道(VK) 很(Dfa) 想(VE) 死(VH),1,1.5,5.5
可是又很想死,可是(Cbb) 又(D) 很(Dfa) 想(VE) 死(VH),1,1.888888889,6.875
他想帶著孩子自殺,他(Nh) 想(VE) 帶(VC) 著(Di) 孩子(Na) 自殺(VA),1,1.0,6.0
就想自殺或想殺人,就(D) 想(VE) 自殺(VA) 或(Caa) 想(VE) 殺人(Na),1,1.0,7.5
我想自殺,我(Nh) 想(VE) 自殺(VA),1,1.222222222,8.625
睡眠總是片段,睡眠(Na) 總是(VG) 片段(Na),2,4.333333333,3.666666667
甚至因此失眠,甚至(Cbb) 因此(Cbb) 失眠(VH),2,3.5,4.1111111110000005
自覺無法入眠,自覺(VK) 無法(D) 入眠(VA),2,4.333333333,4.1111111110000005
睡覺會夢到奇怪的事,睡覺(VA) 會(D) 夢到(VE) 奇怪(VK) 的(DE) 事(Na),2,4.625,4.125
他晚上就會睡不著,他(Nh) 晚上(Nd) 就(D) 會(D) 睡(VA) 不著(VH),2,3.625,2.875
又自動提早起床,又(D) 自動(VH) 提早(VL) 起床(VA),2,5.0,2.777777778
因為他覺得晚上不好睡,因為(Cbb) 他(Nh) 覺得(VK) 晚上(Nd) 不(D) 好(VH) 睡(VA),2,4.375,4.125
我就會焦慮得睡不著覺,我(Nh) 就(D) 會(D) 焦慮(VH) 得(DE) 睡不著覺(VH),2,3.0,5.25
失眠問題大約有一年了,失眠(VH) 問題(Na) 大約(Da) 有(V_2) 一(Neu) 年(Nf) 了(T),2,3.5555555560000003,3.875
而且會失眠一點聲音就會清醒,而且(Cbb) 會(D) 失眠(VH) 一點(Dfb) 聲音(Na) 就(D) 會(D) 清醒(VH),2,4.0,3.666666667
才能入睡,才(D) 能(D) 入睡(VH),2,5.0,3.0
時常睡不著,時常(D) 睡不(Na) 著(VC),2,4.0,4.222222222
大概整天都被我睡掉,大概(D) 整(Neqa) 天(Nf) 都(D) 被(P) 我(Nh) 睡(VA) 掉(VA),2,4.1111111110000005,4.222222222
所以睡眠品質一直很差,所以(Cbb) 睡眠(Na) 品質(Na) 一直(D) 很(Dfa) 差(VH),2,3.888888889,4.666666667
一睡就是做惡夢,一(D) 睡(VA) 就是(Cbb) 做(VC) 惡夢(Na),2,3.0,5.125
總是哭著醒來,總是(D) 哭(VA) 著(Di) 醒來(VH),2,2.555555556,6.875
二點才入睡,二(Neu) 點(Nf) 才(Da) 入睡(VH),2,4.0,2.777777778
最近睡眠好像不是很好,最近(Nd) 睡眠(Na) 好像(D) 不(D) 是(SHI) 很(Dfa) 好(VH),2,4.0,2.777777778
晚上睡不著想什麼也不一定,晚上(Nd) 睡(VA) 不(D) 著想(VI) 什麼(Nep) 也(D) 不一定(D),2,3.9,3.111111111
最近晚上都不好睡,最近(Nd) 晚上(Nd) 都(D) 不(D) 好睡(VA),2,4.1111111110000005,3.4444444439999997
有時半夜就醒來才又睡,有時(D) 半夜(Nd) 就(D) 醒來(VH) 才(Da) 又(D) 睡(VA),2,4.625,4.0
睡也睡不好,睡(VA) 也(D) 睡(VA) 不好(VC),2,3.666666667,4.666666667
睡覺會一直作夢,睡覺(VA) 會(D) 一直(D) 作夢(VA),2,4.625,3.5
夜晚要不失眠,夜晚(Nd) 要(D) 不(D) 失眠(VH),2,4.444444444,3.9
睡不著一直哭,睡不著(VC) 一直(D) 哭(VA),2,2.625,4.9
我變得很難入睡,我(Nh) 變得(VJ) 很(Dfa) 難(VH) 入睡(VH),2,3.625,4.777777778
總要很累時才能睡著,總(D) 要(D) 很(Dfa) 累(VHC) 時(Ng) 才(D) 能(D) 睡著(VH),2,3.571428571,2.666666667
每天晚上都不會想上床睡覺,每天(Nd) 晚上(Nd) 都(D) 不會(D) 想(VE) 上床(VA) 睡覺(VA),2,4.1111111110000005,4.1111111110000005
他說他睡不著,他(Nh) 說(VE) 他(Nh) 睡(VA) 不著(VH),2,4.625,2.375
但就是睡不著,但(Cbb) 就是(Cbb) 睡不(Na) 著(VC),2,3.5555555560000003,3.888888889
而無法睡,而(Cbb) 無法(D) 睡(VA),2,3.666666667,3.111111111
我還是一樣晚上做惡夢睡不好,我(Nh) 還是(D) 一樣(VH) 晚上(Nd) 做(VC) 惡夢(Na) 睡(VA) 不好(VC),2,3.4444444439999997,4.5
常常是一晚醒來好幾次,常常(D) 是(SHI) 一(Neu) 晚(Nf) 醒來(VH) 好幾(Neu) 次(Nf),2,4.1111111110000005,3.875
一陣子會失眠,一陣子(Nd) 會(D) 失眠(VH),2,4.0,4.25
以致壓力大到睡眠障礙,以致(Cbb) 壓力(Na) 大(VH) 到(P) 睡眠(Na) 障礙(Na),2,3.5,4.2
我就會一直在做夢,我(Nh) 就(D) 會(D) 一直(D) 在(P) 做夢(VA),2,4.444444444,3.4444444439999997
天天失眠,天天(D) 失眠(VH),2,3.571428571,4.25
考試老是緊張到睡不著覺,考試(Na) 老是(D) 緊張(VH) 到(P) 睡不著覺(VH),2,3.9,3.375
每天起床都好心慌,每(Nes) 天(Nf) 起床(VA) 都(D) 好(Dfa) 心慌(VH),2,3.625,5.1111111110000005
四點後才能上床睡,四(Neu) 點(Nf) 後(Ng) 才(D) 能(D) 上床(VA) 睡(VA),2,4.5,3.0
更常失眠,更(D) 常(D) 失眠(VH),2,3.625,4.625
就是不肯睡,就是(Cbb) 不(D) 肯(VL) 睡(VA),2,4.1111111110000005,3.222222222
加上每晚駭人的惡夢,加上(Cbb) 每(Nes) 晚(Nf) 駭人(VH) 的(DE) 惡夢(Na),2,3.4444444439999997,6.0
三年沒睡好了,三(Neu) 年(Nf) 沒(D) 睡(VA) 好了(T),2,4.0,4.375
不好入睡多夢,不(D) 好(Dfa) 入睡(VH) 多夢(Na),2,4.0,3.333333333
而且很多是惡夢,而且(Cbb) 很多(Neqa) 是(SHI) 惡夢(Na),2,3.6,4.5
我總是在夢裏哭,我(Nh) 總是(D) 在(P) 夢(Na) 裏(Ncd) 哭(VA),2,2.625,3.625
而且都會比平常早起,而且(Cbb) 都(D) 會(D) 比(P) 平常(Nd) 早起(VA),2,5.0,2.25
會很早醒來,會(D) 很(Dfa) 早(VH) 醒來(VH),2,4.625,2.888888889
約五點多醒來就睡不著,約(Da) 五(Neu) 點(Nf) 多(Dfa) 醒來(VH) 就(P) 睡不(Na) 著(VC),2,4.222222222,3.625
也睡不好,也(D) 睡(VA) 不好(VC),2,3.625,3.75
但我依舊無法安然入睡,但(Cbb) 我(Nh) 依舊(D) 無法(D) 安然(D) 入睡(VH),2,3.625,4.125
那陣子無法入睡,那(Dk) 陣子(Nd) 無法(D) 入睡(VH),2,3.111111111,3.5555555560000003
可是反而導致睡不著,可是(Cbb) 反而(Cbb) 導致(VL) 睡(VA) 不著(VH),2,4.0,4.333333333
反而一興奮就又醒來了,反而(Cbb) 一(D) 興奮(VH) 就(D) 又(D) 醒來(VH) 了(T),2,5.375,5.0
不買會睡不著,不(D) 買(VC) 會(Na) 睡不(Na) 著(VC),2,3.625,5.285714286
我最近睡不好,我(Nh) 最近(Nd) 睡(VA) 不好(VC),2,3.625,3.6
但是睡眠品質很糟糕,但是(Cbb) 睡眠(Na) 品質(Na) 很(Dfa) 糟糕(VH),2,3.5555555560000003,4.0
大概輾轉難眠,大概(D) 輾轉(D) 難(VH) 眠(VA),2,4.375,4.125
眾人皆睡我獨醒,眾人(Na) 皆(D) 睡(VA) 我(Nh) 獨(D) 醒(VA),2,4.555555556,4.777777778
考試前睡不好的情形,考試(Na) 前(Ncd) 睡不(Na) 好(VH) 的(DE) 情形(Na),2,4.0,4.0
失眠的情形又會再度發生,失眠(VH) 的(DE) 情形(Na) 又(D) 會(D) 再度(D) 發生(VJ),2,3.5,3.333333333
但是失眠總是無法離開我,但是(Cbb) 失眠(VH) 總是(D) 無法(D) 離開(VC) 我(Nh),2,3.285714286,4.5
我睡覺的時候會磨牙,我(Nh) 睡覺(VA) 的(DE) 時候(Na) 會(D) 磨牙(VA),2,4.666666667,3.625
簡直有睡沒睡一樣,簡直(D) 有(V_2) 睡(VA) 沒(D) 睡(VA) 一樣(VH),2,4.0,5.625
三四天都睡不著,三四(Neu) 天(Nf) 都(D) 睡(VA) 不著(VH),2,3.888888889,4.875
最近一直失眠,最近(Nd) 一直(D) 失眠(VH),2,3.625,4.0
雖然之前也常做惡夢,雖然(Cbb) 之前(Nd) 也(D) 常(D) 做(VC) 惡夢(Na),2,4.0,4.714285714
晚上睡覺時都覺得很悲傷,晚上(Nd) 睡覺(VA) 時(Ng) 都(D) 覺得(VK) 很(Dfa) 悲傷(VH),2,3.375,3.666666667
無法入睡,無法(D) 入睡(VH),2,3.4444444439999997,4.0
我有睡眠問題,我(Nh) 有(V_2) 睡眠(Na) 問題(Na),2,4.0,3.0
甚至會無法入睡,甚至(D) 會(D) 無法(D) 入睡(VH),2,3.0,4.625
幾乎晚上都睡不著,幾乎(Da) 晚上(Nd) 都(D) 睡(VA) 不著(VH),2,3.5555555560000003,4.375
整晚無法入睡也無法控制,整(Neqa) 晚(Nf) 無法(D) 入睡(VH) 也(D) 無法(D) 控制(VC),2,3.375,4.666666667
我已失眠三年多了,我(Nh) 已(D) 失眠(VH) 三(Neu) 年(Nf) 多(Neqb) 了(T),2,2.666666667,4.777777778
或完全不能入睡,或(Caa) 完全(D) 不能(D) 入睡(VH),2,4.333333333,3.222222222
晚上睡不好,晚上(Nd) 睡不(Na) 好(VH),2,3.857142857,3.333333333
婆婆以前就有失眠的情形,婆婆(Na) 以前(Ng) 就(D) 有(V_2) 失眠(VH) 的(DE) 情形(Na),2,3.5555555560000003,3.111111111
失眠卻更嚴重,失眠(VH) 卻(D) 更(D) 嚴重(VH),2,3.375,4.333333333
想的只是為什麼她睡不著,想(VE) 的(DE) 只是(D) 為什麼(D) 她(Nh) 睡(VA) 不著(VH),2,4.666666667,4.444444444
開始有較明顯的失眠問題,開始(VL) 有(V_2) 較(Dfa) 明顯(VH) 的(DE) 失眠(VH) 問題(Na),2,4.0,3.333333333
所以較難入睡,所以(Cbb) 較(Dfa) 難(VH) 入睡(VH),2,3.888888889,4.8571428569999995
但有時很累卻睡不著,但(Cbb) 有時(D) 很(Dfa) 累(VHC) 卻(D) 睡不(Na) 著(VC),2,3.625,3.111111111
入睡前頻尿純粹是擔心睡不著,入睡(VH) 前(Ng) 頻尿(VA) 純粹(D) 是(SHI) 擔心(VK) 睡(VA) 不(D) 著(VC),2,4.625,3.777777778
不容易入睡,不(D) 容易(VH) 入睡(VH),2,4.0,3.333333333
熟睡二三小時就會起床,熟睡(VA) 二三(Neu) 小時(Na) 就(D) 會(D) 起床(VA),2,4.555555556,3.222222222
她無法好好的睡覺,她(Nh) 無法(D) 好好(VH) 的(DE) 睡覺(VA),2,3.75,3.666666667
也影響到我們的睡眠,也(D) 影響到(VJ) 我們(Nh) 的(DE) 睡眠(Na),2,3.666666667,3.5
入眠很困難,入眠(VA) 很(Dfa) 困難(VH),2,3.5,3.888888889
一直失眠,一直(D) 失眠(VH),2,4.0,4.1
所以失眠愈來愈嚴重,所以(Cbb) 失眠(VH) 愈來愈(Dfa) 嚴重(VH),2,2.777777778,5.2
最近常常難入睡,最近(Nd) 常常(D) 難(VH) 入睡(VH),2,4.0,4.1111111110000005
或睡得很淺,或(Caa) 睡(VA) 得(DE) 很(Dfa) 淺(VH),2,4.4,2.888888889
最近已感到影響睡眠品質,最近(Nd) 已(D) 感到(VK) 影響(VC) 睡眠(Na) 品質(Na),2,4.0,2.777777778
我常常失眠,我(Nh) 常常(D) 失眠(VH),2,4.0,2.777777778
一個人晚上睡不著,一(Neu) 個人(Nh) 晚上(Nd) 睡(VA) 不著(VH),2,4.125,4.1111111110000005
只是因為她無法睡,只(Da) 是(SHI) 因為(Cbb) 她(Nh) 無法(D) 睡(VA),2,4.1,3.5
比以前早起,比(P) 以前(Nd) 早起(VA),2,5.25,2.25
因此我失眠,因此(Cbb) 我(Nh) 失眠(VH),2,4.0,3.333333333
每天凌晨四點才睡,每天(Nd) 凌晨(Nd) 四(Neu) 點(Nf) 才(Da) 睡(VA),2,4.1111111110000005,3.111111111
同樣的惡夢又再度侵襲我,同樣(VH) 的(DE) 惡夢(Na) 又(D) 再度(D) 侵襲(VC) 我(Nh),2,3.0,4.777777778
想睡睡不著,想(VE) 睡睡(VA) 不(D) 著(VC),2,4.375,3.333333333
睡眠雖難以入眠,睡眠(Na) 雖(Cbb) 難以(D) 入眠(VA),2,3.888888889,2.875
一下睡一下醒,一下(Nd) 睡(VA) 一下(Nd) 醒(VA),2,4.1111111110000005,4.375
或是睡不著,或是(Caa) 睡不(Na) 著(VC),2,4.0,3.666666667
不是失眠就是睡得特別多,不(D) 是(SHI) 失眠(VH) 就(D) 是(SHI) 睡(VA) 得(DE) 特別(VH) 多(VH),2,4.0,3.2
去年突然晚上睡不著,去年(Nd) 突然(D) 晚上(Nd) 睡不(Na) 著(VC),2,4.1,2.333333333
無法真正入睡即無法休息,無法(D) 真正(D) 入睡(VH) 即(D) 無法(D) 休息(VA),2,3.625,3.111111111
到了無法睡覺,到(VCL) 了(Di) 無法(D) 睡覺(VA),2,3.75,4.0
晚上一直擔心會不會睡著,晚上(Nd) 一直(D) 擔心(VK) 會不會(D) 睡著(VH),2,4.1,4.25
都會有睡眠早醒的現象,都(D) 會(D) 有(V_2) 睡眠(Na) 早(D) 醒(VA) 的(DE) 現象(Na),2,4.444444444,3.888888889
但有時常常就睡不著了,但(Cbb) 有時(D) 常常(D) 就(D) 睡(VA) 不著(VH) 了(T),2,3.666666667,3.666666667
四點才睡六點醒來,四(Neu) 點(Nf) 才(Da) 睡(VA) 六(Neu) 點(Nf) 醒來(VH),2,4.333333333,3.111111111
她幾乎都會醒來,她(Nh) 幾乎(Da) 都(D) 會(D) 醒來(VH),2,4.555555556,4.333333333
不讓我睡覺沒關係,不(D) 讓(VL) 我(Nh) 睡覺(VA) 沒關係(VH),2,4.0,4.25
常常晚上失眠,常常(D) 晚上(Nd) 失眠(VH),2,4.0,3.0
無法就睡,無法(D) 就(D) 睡(VA),2,3.9,2.888888889
我最近每晚都失眠,我(Nh) 最近(Nd) 每晚(Nd) 都(D) 失眠(VH),2,4.0,4.222222222
睡眠不夠深沉,睡眠(Na) 不(D) 夠(Dfa) 深沉(VH),2,4.4,2.714285714
尤其睡眠不安,尤其(D) 睡眠(Na) 不安(VH),2,3.625,4.375
晚上睡覺時會磨牙,晚上(Nd) 睡覺(VA) 時(Ng) 會(D) 磨牙(VA),2,4.25,3.666666667
長期失眠,長期(Nd) 失眠(VH),2,3.125,3.5
睡眠不安穩,睡眠(Na) 不(D) 安穩(VH),2,4.0,3.875
那一陣子早上都被嚇醒,那(Dk) 一陣子(Nd) 早上(Nd) 都(D) 被(P) 嚇醒(VC),2,2.875,5.75
我睡得並不安穩,我(Nh) 睡(VA) 得(DE) 並(D) 不(D) 安穩(VH),2,4.0,3.75
母親常常失眠,母親(Na) 常常(D) 失眠(VH),2,3.5555555560000003,4.5
睡眠的品質也很差,睡眠(Na) 的(DE) 品質(Na) 也(D) 很(Dfa) 差(VH),2,4.0,4.1
很難入眠,很(Dfa) 難(VH) 入眠(VA),2,3.625,4.666666667
晚上睡不好也就罷了,晚上(Nd) 睡不(Na) 好(VH) 也(D) 就(D) 罷了(T),2,3.666666667,4.333333333
清晨還會突然醒來,清晨(Nd) 還(D) 會(D) 突然(D) 醒來(VH),2,4.375,3.875
晚上睡不著,晚上(Nd) 睡不(Na) 著(VC),2,4.375,2.777777778
必需籍酒才能入睡,必需(VH) 籍酒(Na) 才(D) 能(D) 入睡(VH),2,3.25,3.888888889
而且常作惡夢,而且(Cbb) 常(D) 作(VC) 惡夢(Na),2,3.0,4.1111111110000005
理由是喝醉可以好入睡,理由(Na) 是(SHI) 喝醉(VA) 可以(D) 好(Dfa) 入睡(VH),2,3.111111111,3.888888889
就常為失眠所擾,就(D) 常(D) 為(VG) 失眠(VH) 所(D) 擾(VC),2,4.0,4.333333333
又常聽說為此常失眠,又(D) 常(D) 聽說(VE) 為(P) 此(Nep) 常(D) 失眠(VH),2,3.625,3.5555555560000003
不易入睡,不易(VH) 入睡(VH),2,3.888888889,3.4444444439999997
最近我常失眠,最近(Nd) 我(Nh) 常(D) 失眠(VH),2,3.888888889,4.125
而睡眠也大不如從前,而(Cbb) 睡眠(Na) 也(D) 大(VH) 不如(VJ) 從前(Nd),2,4.0,2.875
雖然有睡也是淺眠,雖然(Cbb) 有(V_2) 睡(VA) 也(D) 是(SHI) 淺眠(VA),2,4.0,2.555555556
有時引起失眠,有時(D) 引起(VC) 失眠(VH),2,3.5,4.5
睡眠狀況和品質都明顯改變,睡眠(Na) 狀況(Na) 和(Caa) 品質(Na) 都(D) 明顯(VH) 改變(VC),2,4.666666667,3.222222222
現在我不但睡不好也做惡夢,現在(Nd) 我(Nh) 不但(Cbb) 睡不(Na) 好(VH) 也(D) 做(VC) 惡夢(Na),2,3.5,5.0
我一直有長期的睡眠障礙,我(Nh) 一直(D) 有(V_2) 長期(Nd) 的(DE) 睡眠(Na) 障礙(Na),2,3.888888889,3.111111111
每天都很難入眠,每(Nes) 天(Nf) 都(D) 很(Dfa) 難(VH) 入眠(VA),2,4.0,3.4444444439999997
一旦入睡後就開始作夢,一旦(Cbb) 入睡(VH) 後(Ng) 就(D) 開始(VL) 作夢(VA),2,4.875,3.625
也需靠安眠藥才可入睡,也(D) 需(D) 靠(P) 安眠藥(Na) 才(Da) 可(D) 入睡(VH),2,3.0,3.111111111
我會莫名恐懼失眠,我(Nh) 會(D) 莫名(VH) 恐懼(VK) 失眠(VH),2,3.222222222,5.125
最近又開始睡眠不正常,最近(Nd) 又(D) 開始(VL) 睡眠(Na) 不(D) 正常(VH),2,4.0,4.0
就哭著入睡,就(D) 哭(VA) 著(Di) 入睡(VH),2,2.5,4.9
又嚴重的失眠,又(D) 嚴重(VH) 的(DE) 失眠(VH),2,3.666666667,6.222222222
可是失眠問題不但未改善,可是(Cbb) 失眠(VH) 問題(Na) 不但(Cbb) 未(D) 改善(VC),2,3.888888889,4.444444444
造成天天無法人眠,造成(VG) 天天(D) 無法(D) 人眠(VA),2,3.5,3.375
失眠都未改善,失眠(VH) 都(D) 未(D) 改善(VC),2,4.1111111110000005,4.375
就睡不著覺,就(D) 睡不著覺(VH),2,4.333333333,2.777777778
全身也感覺不舒服也睡不著,全(Neqa) 身(Na) 也(D) 感覺(VK) 不(D) 舒服(VH) 也(D) 睡(VA) 不著(VH),2,3.111111111,4.1
我的失眠問題還是存在,我(Nh) 的(DE) 失眠(VH) 問題(Na) 還是(D) 存在(VA),2,4.1111111110000005,4.555555556
睡眠品質不佳,睡眠(Na) 品質(Na) 不佳(VH),2,4.0,2.888888889
四月間出現失眠的情形,四月(Nd) 間(Ng) 出現(VH) 失眠(VH) 的(DE) 情形(Na),2,4.0,2.555555556
長期有睡眠不良的困擾,長期(Nd) 有(V_2) 睡眠(Na) 不良(VH) 的(DE) 困擾(Na),2,3.888888889,3.428571429
睡眠品質不好,睡眠(Na) 品質(Na) 不好(VC),2,3.5555555560000003,3.666666667
每晚一定會做夢,每(Nes) 晚(Nf) 一定(D) 會(D) 做夢(VA),2,4.5,4.125
而真的哭倒醒,而(Cbb) 真的(D) 哭倒(VA) 醒(VA),2,2.9,5.5
起躲在家中,起(VC) 躲(VC) 在(P) 家(Nc) 中(Ncd),3,4.375,3.666666667
我整天躲在家裡,我(Nh) 整天(Nd) 躲(VC) 在(P) 家(Nc) 裡(Ncd),3,4.0,3.625
每天都窩在家,每(Nes) 天(Nf) 都(D) 窩在(VCL) 家(Nc),3,4.875,2.444444444
只想一輩子待在家裡,只(Da) 想(VE) 一輩子(Na) 待在(VCL) 家(Nc) 裡(Ncd),3,3.625,3.125
我現在也都不喜歡出門,我(Nh) 現在(Nd) 也(D) 都(D) 不(D) 喜歡(VK) 出門(VA),3,4.6,2.888888889
整天躲在房裡,整天(Nd) 躲(VC) 在(P) 房(Na) 裡(Ncd),3,3.714285714,4.25
朋友約我都不想出去,朋友(Na) 約(Da) 我(Nh) 都(D) 不(D) 想(VE) 出去(VA),3,4.0,4.5
我誰都不想見,我(Nh) 誰(Nh) 都(D) 不(D) 想見(VK),3,3.5555555560000003,5.777777778
每天足不出戶最高紀錄四天,每(Nes) 天(Nf) 足不出戶(VH) 最(Dfa) 高(VH) 紀錄(Na) 四(Neu) 天(Nf),3,3.75,4.8888888889999995
大概一星期也不會出門,大概(D) 一(Neu) 星期(Na) 也(D) 不會(D) 出門(VA),3,4.222222222,3.4
同學找我也不想出去,同學(Na) 找(VC) 我(Nh) 也(D) 不(D) 想(VE) 出去(VA),3,4.333333333,2.875
畢業後一直待在家裡,畢業(VH) 後(Ng) 一直(D) 待在(VCL) 家(Nc) 裡(Ncd),3,4.375,3.111111111
不願出門,不(D) 願(VK) 出門(VA),3,4.5,3.8
不太出門,不(D) 太(Dfa) 出門(VA),3,4.222222222,3.222222222
不愛出門,不(D) 愛(VL) 出門(VA),3,4.4,2.444444444
不喜歡出門,不(D) 喜歡(VK) 出門(VA),3,4.4,2.875
但我那兒都不想去,但(Cbb) 我(Nh) 那兒(Ncd) 都(D) 不(D) 想(VE) 去(D),3,3.625,3.777777778
那都不想去,那(Nep) 都(D) 不(D) 想(VE) 去(D),3,4.5,4.333333333
且很不想動,且(Cbb) 很(Dfa) 不(D) 想(VE) 動(VAC),3,4.5,3.5555555560000003
問題是我不想動,問題(Na) 是(SHI) 我(Nh) 不(D) 想(VE) 動(VAC),3,4.5,4.1111111110000005
不想說話不想動,不(D) 想(VE) 說話(VA) 不(D) 想(VE) 動(VAC),3,3.5,3.625
心情沮喪不想上班,心情(Na) 沮喪(VH) 不(D) 想(VE) 上班(VA),3,3.0,3.777777778
情緒低落不想做實驗,情緒(Na) 低落(VH) 不(D) 想(VE) 做(VC) 實驗(Na),3,3.4444444439999997,2.888888889
我就開始不想上班,我(Nh) 就(D) 開始(VL) 不(D) 想(VE) 上班(VA),3,4.0,3.111111111
心情沮喪不想上班,心情(Na) 沮喪(VH) 不(D) 想(VE) 上班(VA),3,3.5,4.1111111110000005
不喜歡也不想去學校,不(D) 喜歡(VK) 也(D) 不(D) 想(VE) 去(VCL) 學校(Nc),3,3.5555555560000003,5.0
不想做事,不(D) 想(VE) 做(VC) 事(Na),3,4.444444444,3.888888889
不想做任何事,不(D) 想(VE) 做(VC) 任何(Neqa) 事(Na),3,4.625,3.2
什麼都不想參與,什麼(Nep) 都(D) 不(D) 想(VE) 參與(VC),3,3.777777778,3.5555555560000003
我什麼事都不想做,我(Nh) 什麼(Nep) 事(Na) 都(D) 不(D) 想(VE) 做(VC),3,3.875,3.888888889
有時什麼事也不想做,有時(D) 什麼(Nep) 事(Na) 也(D) 不(D) 想(VE) 做(VC),3,4.0,3.222222222
每天什麼都不想做,每(Nes) 天(Nf) 什麼(Nep) 都(D) 不(D) 想(VE) 做(VC),3,4.0,2.777777778
就是什麼都不想做,就是(Cbb) 什麼(Nep) 都(D) 不(D) 想(VE) 做(VC),3,3.75,4.0
我什麼都不想做,我(Nh) 什麼(Nep) 都(D) 不(D) 想(VE) 做(VC),3,4.0,3.0
我整個人覺得懶洋洋,我(Nh) 整(Neqa) 個人(Nh) 覺得(VK) 懶洋洋(VH),3,4.625,2.888888889
整個人很懶,整(Neqa) 個(Nf) 人(Na) 很(Dfa) 懶(VH),3,4.5,3.0
變得很懶,變得(VJ) 很(Dfa) 懶(VH),3,4.0,4.0
懶得出門,懶得(VL) 出門(VA),3,5.0,3.2
做什麼事情都感到無力,做(VC) 什麼(Nep) 事情(Na) 都(D) 感到(VK) 無力(VH),3,3.5,3.7
常常有工作上的無力感,常常(D) 有(V_2) 工作(Na) 上(Ncd) 的(DE) 無力感(Na),3,3.625,4.714285714
虛弱無力,虛弱(VH) 無力(VH),3,3.4444444439999997,2.888888889
總是缺乏活力,總是(D) 缺乏(VJ) 活力(Na),3,3.666666667,2.888888889
覺得自己很無活力,覺得(VK) 自己(Nh) 很(Dfa) 無(VJ) 活力(Na),3,4.0,3.222222222
但是常常覺得有氣無力,但是(Cbb) 常常(D) 覺得(VK) 有氣無力(VH),3,3.4,3.333333333
有時候我會覺得很徬徨無力,有時候(D) 我(Nh) 會(D) 覺得(VK) 很(Dfa) 徬徨(VH) 無力(VH),3,3.0,2.75
但我常覺得有種無力感,但(Cbb) 我(Nh) 常(D) 覺得(VK) 有(V_2) 種(Nf) 無力感(Na),3,3.4,3.111111111
每天都很無力,每(Nes) 天(Nf) 都(D) 很(Dfa) 無力(VH),3,3.6,3.111111111
我感到無力想放棄,我(Nh) 感到(VK) 無力(D) 想(VE) 放棄(VC),3,3.0,3.666666667
讓我開始覺得很無力,讓(VL) 我(Nh) 開始(VL) 覺得(VK) 很(Dfa) 無力(VH),3,3.5,2.888888889
有很多的無力感,有(V_2) 很多(Neqa) 的(DE) 無力感(Na),3,3.4,3.666666667
她說有時常會感到無力倦怠,她(Nh) 說(VE) 有時(D) 常(D) 會(D) 感到(VK) 無力(D) 倦怠(VH),3,3.777777778,3.111111111
很多事都提不起精神,很多(Neqa) 事(Na) 都(D) 提(VE) 不(D) 起(VC) 精神(Na),3,3.5,2.666666667
搞的現在沒有活力,搞(VC) 的(DE) 現在(Nd) 沒有(VJ) 活力(Na),3,4.0,3.7
整個人沒什麼活力,整(Neqa) 個(Nf) 人(Na) 沒(VJ) 什麼(Nep) 活力(Na),3,3.5555555560000003,2.444444444
對什麼都提不起勁,對(P) 什麼(Nep) 都(D) 提(VE) 不(D) 起勁(VH),3,3.666666667,2.888888889
而且工作時也提不起勁,而且(Cbb) 工作(Na) 時(Ng) 也(D) 提(VE) 不(D) 起勁(VH),3,3.6,2.666666667
可是現在都提不起勁,可是(Cbb) 現在(Nd) 都(D) 提(VE) 不(D) 起勁(VH),3,4.0,2.777777778
對一切缺乏興趣,對(P) 一切(Neqa) 缺乏(VJ) 興趣(Na),3,3.75,2.777777778
而且是一點興趣都沒有,而且(Cbb) 是(SHI) 一點(Neqa) 興趣(Na) 都(D) 沒有(VJ),3,4.0,3.625
但老提不起勁,但(Cbb) 老(VH) 提(VE) 不(D) 起勁(VH),3,3.4444444439999997,2.142857143
幾乎什麼事都提不起勁,幾乎(Da) 什麼(Nep) 事(Na) 都(D) 提(VE) 不(D) 起勁(VH),3,3.333333333,2.888888889
凡事都提不起勁,凡事(Na) 都(D) 提(VE) 不(D) 起勁(VH),3,3.4444444439999997,3.111111111
而且生活總是提不起勁,而且(Cbb) 生活(Na) 總是(D) 提(VE) 不(D) 起勁(VH),3,3.5555555560000003,3.75
我愈來愈提不起勁開口說話,我(Nh) 愈來愈(Dfa) 提(VE) 不(D) 起勁(VH) 開口(VA) 說話(VA),3,3.5555555560000003,3.222222222
我變得興趣缺缺,我(Nh) 變得(VJ) 興趣缺缺(VH),3,3.6,3.333333333
對周遭的事物失去興趣,對(P) 周遭(Nc) 的(DE) 事物(Na) 失去(VJ) 興趣(Na),3,3.6,3.0
對週遭的事務不感興趣,對(P) 週遭(Nc) 的(DE) 事務(Na) 不(D) 感興趣(VI),3,3.6,3.111111111
對什麼都沒有興趣,對(P) 什麼(Nep) 都(D) 沒有(VJ) 興趣(Na),3,3.666666667,3.222222222
也變得對任何事情不感興趣,也(D) 變得(VJ) 對(P) 任何(Neqa) 事情(Na) 不(D) 感興趣(VI),3,3.5,2.888888889
對一切都事物都沒有興趣,對(P) 一切(Neqa) 都(D) 事物(Na) 都(D) 沒有(VJ) 興趣(Na),3,3.111111111,3.222222222
對任何事感到沒有任何興趣,對(P) 任何(Neqa) 事(Na) 感到(VK) 沒有(VJ) 任何(Neqa) 興趣(Na),3,3.4444444439999997,3.1
對任何事都沒興趣,對(P) 任何(Neqa) 事(Na) 都(D) 沒(VJ) 興趣(Na),3,3.75,2.555555556
我對什麼都沒有興趣,我(Nh) 對(P) 什麼(Nep) 都(D) 沒有(VJ) 興趣(Na),3,3.5,2.75
我對任何事都沒有興趣,我(Nh) 對(P) 任何(Neqa) 事(Na) 都(D) 沒有(VJ) 興趣(Na),3,3.777777778,2.4285714290000002
對所學也失去了興趣,對(P) 所(D) 學(VC) 也(D) 失去(VJ) 了(Di) 興趣(Na),3,3.5555555560000003,3.375
對所有人或事失去興趣,對(P) 所有人(Na) 或(Caa) 事(Na) 失去(VJ) 興趣(Na),3,3.111111111,3.111111111
對什麼人事物都不再感興趣,對(P) 什麼(Nep) 人(Na) 事物(Na) 都(D) 不再(D) 感興趣(VI),3,2.888888889,3.111111111
對任何事沒興趣沒力氣,對(P) 任何(Neqa) 事(Na) 沒(VJ) 興趣(Na) 沒(VJ) 力氣(Na),3,3.777777778,3.5555555560000003
想彈琴但沒有心情,想(VE) 彈琴(VA) 但(Cbb) 沒有(VJ) 心情(Na),3,3.75,3.0
我會擔心很多,我(Nh) 會(D) 擔心(VK) 很多(Neqa),4,3.5,4.4
擔心這擔心那,擔心(VK) 這(Nep) 擔心(VK) 那(Nep),4,3.4444444439999997,4.75
請我不用擔心,請(VF) 我(Nh) 不用(D) 擔心(VK),4,3.888888889,3.111111111
擔心會因此失去工作,擔心(VK) 會(D) 因此(Cbb) 失去(VJ) 工作(Na),4,3.111111111,4.875
我擔心自己有同性戀傾向,我(Nh) 擔心(VK) 自己(Nh) 有(V_2) 同性戀(Na) 傾向(Na),4,3.4,5.333333333
我很擔心當兵,我(Nh) 很(Dfa) 擔心(VK) 當兵(VA),4,3.4444444439999997,4.444444444
我真的好擔心他,我(Nh) 真的(D) 好(Dfa) 擔心(VK) 他(Nh),4,3.333333333,5.875
擔心他們是不是在說我什麼,擔心(VK) 他們(Nh) 是(SHI) 不(D) 是(SHI) 在(P) 說(VE) 我(Nh) 什麼(Nep),4,3.5555555560000003,4.222222222
常擔心別人對自己的看法,常(D) 擔心(VK) 別人(Nh) 對(P) 自己(Nh) 的(DE) 看法(Na),4,3.6,3.888888889
我很擔心他的體重,我(Nh) 很(Dfa) 擔心(VK) 他(Nh) 的(DE) 體重(Na),4,3.5,4.625
很擔心再下去無法正常生活,很(Dfa) 擔心(VK) 再下去(D) 無法(D) 正常(VH) 生活(Na),4,2.666666667,6.1111111110000005
婆婆態度也擔心,婆婆(Na) 態度(Na) 也(D) 擔心(VK),4,3.6,5.0
從此每每擔心上課怎麼辦,從此(D) 每每(D) 擔心(VK) 上課(VA) 怎麼辦(VH),4,3.6,4.0
擔心自己會失去自己,擔心(VK) 自己(Nh) 會(D) 失去(VJ) 自己(Nh),4,3.4444444439999997,4.6
一邊擔心將來會依賴成性,一(Neu) 邊(Ncd) 擔心(VK) 將來(Nd) 會(D) 依賴(VK) 成性(Na),4,3.5,4.714285714
我最擔心的還是復發,我(Nh) 最(Dfa) 擔心(VK) 的(DE) 還是(D) 復發(VH),4,3.0,4.666666667
時時刻刻擔心自己會死去,時時刻刻(D) 擔心(VK) 自己(Nh) 會(D) 死去(VH),4,2.111111111,6.333333333
他非常的擔心會失去他,他(Nh) 非常(Dfa) 的(DE) 擔心(VK) 會(D) 失去(VJ) 他(Nh),4,3.5,5.375
或者擔心會發生什麼事,或者(Caa) 擔心(VK) 會(D) 發生(VJ) 什麼(Nep) 事(Na),4,3.5555555560000003,3.666666667
我好擔心這樣的自己,我(Nh) 好(Dfa) 擔心(VK) 這樣(VH) 的(DE) 自己(Nh),4,3.0,4.333333333
入睡前頻尿純粹是擔心睡不著,入睡(VH) 前(Ng) 頻尿(VA) 純粹(D) 是(SHI) 擔心(VK) 睡(VA) 不(D) 著(VC),4,3.6,5.1111111110000005
擔心好多事,擔心(VK) 好多(Neqa) 事(Na),4,3.5,3.625
難道還不擔心嗎,難道(D) 還(D) 不(D) 擔心(VK) 嗎(T),4,3.666666667,4.625
晚上一直擔心會不會睡著,晚上(Nd) 一直(D) 擔心(VK) 會不會(D) 睡著(VH),4,3.75,3.4444444439999997
擔心自己有的現象,擔心(VK) 自己(Nh) 有的(Neqa) 現象(Na),4,3.777777778,3.5555555560000003
我很擔心她,我(Nh) 很(Dfa) 擔心(VK) 她(Nh),4,3.5,4.625
我好擔心我沒有未來,我(Nh) 好(Dfa) 擔心(VK) 我(Nh) 沒有(VJ) 未來(Nd),4,2.5,5.0
好擔心是不是憂鬱症又復發了,好(Dfa) 擔心(VK) 是(SHI) 不(D) 是(SHI) 憂鬱症(Na) 又(D) 復發(VH) 了(T),4,2.888888889,5.222222222
擔心作業交不出來,擔心(VK) 作業(Na) 交(VC) 不(D) 出來(VA),4,3.6,5.125
擔心自己的未來,擔心(VK) 自己(Nh) 的(DE) 未來(Nd),4,3.4444444439999997,5.222222222
所以我開始憂慮我的體重,所以(Cbb) 我(Nh) 開始(VL) 憂慮(VK) 我(Nh) 的(DE) 體重(Na),4,3.5,4.5
我又有新問題擔憂了,我(Nh) 又(D) 有(V_2) 新(VH) 問題(Na) 擔憂(VK) 了(Di),4,3.4,4.5
並且嚴重憂慮影響生息,並且(Cbb) 嚴重(VH) 憂慮(VK) 影響(VC) 生息(Na),4,2.666666667,4.625
原因是很容易憂心,原因(Na) 是(SHI) 很(Dfa) 容易(VH) 憂心(VH),4,3.4,4.0
我會擔心,我(Nh) 會(D) 擔心(VK),4,4.0,4.25
我也同樣擔心,我(Nh) 也(D) 同樣(VH) 擔心(VK),4,3.75,5.0
但是最近我愈來愈擔心,但是(Cbb) 最近(Nd) 我(Nh) 愈來愈(Dfa) 擔心(VK),4,3.4444444439999997,4.777777778
最近有點擔心,最近(Nd) 有點(Dfa) 擔心(VK),4,3.6,4.333333333
我就會擔心,我(Nh) 就(D) 會(D) 擔心(VK),4,3.5,5.222222222
我很擔心,我(Nh) 很(Dfa) 擔心(VK),4,3.4,5.8888888889999995
我是不是太容易過度擔心咧,我(Nh) 是(SHI) 不(D) 是(SHI) 太(Dfa) 容易(VH) 過度(Dfa) 擔心(VK) 咧(T),4,4.0,3.714285714
我真的非常非常擔心,我(Nh) 真的(D) 非常(Dfa) 非常(Dfa) 擔心(VK),4,3.333333333,6.75
有點擔心,有點(Dfa) 擔心(VK),4,3.5555555560000003,4.714285714
心中很擔心,心(Na) 中(Ng) 很(Dfa) 擔心(VK),4,3.5555555560000003,5.0
一緊張起來就會臉紅,一(Neu) 緊張(VH) 起來(Di) 就(D) 會(D) 臉紅(VH),4,3.625,5.555555556
一緊張起來就會想跳避,一(Neu) 緊張(VH) 起來(Di) 就(D) 會(D) 想(VE) 跳避(VA),4,3.333333333,5.0
常常顯的很緊張,常常(D) 顯(VK) 的(DE) 很(Dfa) 緊張(VH),4,4.0,5.0
這莫名的焦慮,這(Nep) 莫名(A) 的(DE) 焦慮(Nv),4,3.666666667,3.625
忽冷忽熱的感覺讓我很不安,忽冷忽熱(Na) 的(DE) 感覺(Na) 讓(VL) 我(Nh) 很(Dfa) 不安(VH),4,3.5555555560000003,4.0
之後心情焦慮雖有好轉,之後(Nd) 心情(Na) 焦慮(VH) 雖(Cbb) 有(V_2) 好轉(VH),4,3.75,4.375
焦慮急躁,焦慮(VH) 急躁(VH),4,3.5,5.8888888889999995
個性稍急躁,個性(Na) 稍(D) 急躁(VH),4,4.0,5.625
然後好像心理作用的緊張起來,然後(D) 好像(D) 心理(Na) 作用(Na) 的(DE) 緊張(VH) 起來(Di),4,3.5,4.555555556
且當我一緊張害怕時,且(Cbb) 當(P) 我(Nh) 一(D) 緊張(VH) 害怕(VK) 時(Ng),4,3.4444444439999997,4.875
因一些小事情而引起緊張,因(Cbb) 一些(Neqa) 小(VH) 事情(Na) 而(Cbb) 引起(VC) 緊張(VH),4,4.0,4.5
我會容易緊張,我(Nh) 會(D) 容易(VH) 緊張(VH),4,3.4,4.5
不會有緊張的感覺,不會(D) 有(V_2) 緊張(VH) 的(DE) 感覺(Na),4,5.0,2.5
但就是睡覺時會焦慮,但(Cbb) 就(D) 是(SHI) 睡覺(VA) 時(Ng) 會(D) 焦慮(VH),4,3.4,4.5
我從小就很容易緊張,我(Nh) 從小(D) 就(D) 很(Dfa) 容易(VH) 緊張(VH),4,3.777777778,3.625
一緊張就心臟跳很快,一(Neu) 緊張(VH) 就(P) 心臟(Na) 跳(VA) 很(Dfa) 快(VH),4,4.0,5.0
但遇到什麼事仍舊緊張,但(Cbb) 遇到(VC) 什麼(Nep) 事(Na) 仍舊(D) 緊張(VH),4,4.0,4.7
會嚇到同學而覺得不安,會(D) 嚇到(VJ) 同學(Na) 而(Cbb) 覺得(VK) 不安(VH),4,3.4444444439999997,5.285714286
它讓我很害怕很不安,它(Nh) 讓(VL) 我(Nh) 很(Dfa) 害怕(VK) 很(Dfa) 不安(VH),4,3.0,5.777777778
焦慮及併發過度換氣的症狀,焦慮(Nv) 及(Caa) 併發(VC) 過度(A) 換氣(VA) 的(DE) 症狀(Na),4,2.888888889,4.5
同時又不會因緊張而發作,同時(Nd) 又(D) 不會(D) 因(Cbb) 緊張(VH) 而(Cbb) 發作(VH),4,4.25,4.1111111110000005
對人充滿不信任與不安,對(P) 人(Na) 充滿(VJ) 不(D) 信任(VJ) 與(Caa) 不安(VH),4,2.555555556,4.333333333
或是我服用抗憂鬱焦慮的副作用,或是(Caa) 我(Nh) 服用(VC) 抗(VJ) 憂鬱(VH) 焦慮(VH) 的(DE) 副作用(Na),4,3.666666667,3.666666667
我有幾個問題令我不安,我(Nh) 有(V_2) 幾(Neu) 個(Nf) 問題(Na) 令(VL) 我(Nh) 不安(VH),4,3.75,4.4
還有緊張的時候,還(D) 有(V_2) 緊張(VH) 的(DE) 時候(Na),4,3.666666667,4.375
緊張的時候肩膀緊繃,緊張(VH) 的(DE) 時候(Na) 肩膀(Na) 緊繃(VHC),4,3.4444444439999997,5.0
還是緊張壓力所造成的,還是(D) 緊張(VH) 壓力(Na) 所(D) 造成(VG) 的(DE),4,3.4444444439999997,5.25
我為之不安至今,我(Nh) 為之(Cbb) 不安(VH) 至今(D),4,3.625,4.222222222
也令我感到很不安,也(D) 令(VL) 我(Nh) 感到(VK) 很(Dfa) 不安(VH),4,3.4444444439999997,5.0
那我就會開始緊張了,那(Dk) 我(Nh) 就(D) 會(D) 開始(VL) 緊張(VH) 了(T),4,3.5555555560000003,5.375
然後陷入不安,然後(D) 陷入(VCL) 不安(VH),4,3.0,5.444444444
感到焦慮,感到(VK) 焦慮(VH),4,3.4444444439999997,5.5
總是很緊張,總是(D) 很(Dfa) 緊張(VH),4,3.75,5.5
說到我都越來越緊張,說到(VE) 我(Nh) 都(D) 越來越(Dfa) 緊張(VH),4,3.5,6.375
我就會異常地興奮與緊張,我(Nh) 就(D) 會(D) 異常(VH) 地(DE) 興奮(Nv) 與(Caa) 緊張(VH),4,3.888888889,6.5
但越呼越緊張,但(Cbb) 越(D) 呼(D) 越(D) 緊張(VH),4,3.6,5.25
我是非常容易緊張的人,我(Nh) 是(SHI) 非常(Dfa) 容易(VH) 緊張(VH) 的(DE) 人(Na),4,3.625,4.0
緊張得連話都快說不出來,緊張(VH) 得(DE) 連(Nb) 話(Na) 都(D) 快(D) 說(VE) 不(D) 出來(VA),4,3.5,6.222222222
心裡還是很不安,心(Na) 裡(Ng) 還是(D) 很(Dfa) 不安(VH),4,3.5,5.285714286
且有焦慮,且(Cbb) 有(V_2) 焦慮(VH),4,4.0,5.1111111110000005
但我就是會緊張害怕,但(Cbb) 我(Nh) 就是(Cbb) 會(D) 緊張(VH) 害怕(VK),4,3.0,5.0
由最初的焦慮症至憂鬱症,由(P) 最初(Nd) 的(DE) 焦慮症(Na) 至(Caa) 憂鬱症(Na),4,3.571428571,3.111111111
我的心就開始焦慮不安,我(Nh) 的(DE) 心(Na) 就(D) 開始(VL) 焦慮(VH) 不安(VH),4,3.0,5.8888888889999995
而且他很容易緊張,而且(Cbb) 他(Nh) 很(Dfa) 容易(VH) 緊張(VH),4,3.75,4.875
從此進入那家理髮店就會緊張,從此(D) 進入(VCL) 那(Nep) 家(Nf) 理髮店(Nc) 就(D) 會(D) 緊張(VH),4,3.5,5.0
有時會緊張到發抖,有時(D) 會(D) 緊張(VH) 到(P) 發抖(VA),4,3.3,5.5
會緊張害羞內向,會(D) 緊張(VH) 害羞(VH) 內向(VH),4,3.6,3.777777778
似初次發病時焦躁現象,似(D) 初次(D) 發病(VH) 時(Ng) 焦躁(VH) 現象(Na),4,3.5,5.333333333
就會感到緊張,就(D) 會(D) 感到(VK) 緊張(VH),4,3.6,5.375
也會緊張地手部發抖,也(D) 會(D) 緊張(VH) 地(DE) 手部(Na) 發抖(VA),4,3.5,5.1
會有異常不安的感覺,會(D) 有(V_2) 異常(Dfa) 不安(VH) 的(DE) 感覺(Na),4,3.333333333,5.222222222
極度不安,極度(Dfa) 不安(VH),4,2.375,6.444444444
恐懼不安,恐懼(VK) 不安(VH),4,3.333333333,6.375
後來才知是因為過度緊張,後來(Nd) 才(Da) 知(VK) 是(SHI) 因為(Cbb) 過度(Dfa) 緊張(VH),4,3.375,5.666666667
我會因為這樣感到不安,我(Nh) 會(D) 因為(Cbb) 這樣(VH) 感到(VK) 不安(VH),4,4.0,5.375
白天也一直沉陷在不安,白天(Nd) 也(D) 一直(D) 沉陷(VA) 在(P) 不安(VH),4,3.4444444439999997,3.888888889
醒來會難過和焦慮不安,醒來(VH) 會(D) 難過(VK) 和(Caa) 焦慮(Nv) 不安(Nv),4,3.4444444439999997,5.5
憂心沖沖,憂心(VH) 沖沖(VC),4,3.5555555560000003,5.1111111110000005
我就開始緊張,我(Nh) 就(D) 開始(VL) 緊張(VH),4,4.0,4.333333333
一緊張就會心跳加快,一(Neu) 緊張(VH) 就(D) 會(D) 心跳(VA) 加快(VHC),4,4.0,5.666666667
我很容易緊張,我(Nh) 很(Dfa) 容易(VH) 緊張(VH),4,4.0,5.0
後來就變成習慣性焦慮,後來(Nd) 就(D) 變成(VG) 習慣性(Na) 焦慮(VH),4,3.5,5.1111111110000005
可是不做我又會不安,可是(Cbb) 不(D) 做(VC) 我(Nh) 又(D) 會(D) 不安(VH),4,3.5,4.6
所以當成自己是在窮緊張,所以(Cbb) 當成(VG) 自己(Nh) 是(SHI) 在(P) 窮(VH) 緊張(VH),4,3.666666667,5.25
自己也相當焦慮,自己(Nh) 也(D) 相當(Dfa) 焦慮(VH),4,3.0,6.0
我容易緊張,我(Nh) 容易(VH) 緊張(VH),4,3.888888889,4.25
容易焦慮,容易(VH) 焦慮(VH),4,3.4444444439999997,4.5
曾有幾次因為考試緊張,曾(D) 有(V_2) 幾(Neu) 次(Nf) 因為(Cbb) 考試(Na) 緊張(VH),4,3.4444444439999997,4.5
本就較容易緊張個個性,本(D) 就(D) 較(Dfa) 容易(VH) 緊張(VH) 個(Nf) 個性(Na),4,4.0,4.8888888889999995
我會緊張,我(Nh) 會(D) 緊張(VH),4,4.0,4.75
我就會緊張,我(Nh) 就(D) 會(D) 緊張(VH),4,4.0,5.1111111110000005
我這是緊張自己會緊張,我(Nh) 這(Nep) 是(SHI) 緊張(VH) 自己(Nh) 會(D) 緊張(VH),4,3.666666667,5.0
我都很緊張,我(Nh) 都(D) 很(Dfa) 緊張(VH),4,3.625,5.8888888889999995
有時候還會緊張過度,有時候(D) 還(D) 會(D) 緊張(VH) 過度(Dfb),4,3.75,5.8888888889999995
導致個人緊張,導致(VL) 個(Nf) 人(Na) 緊張(VH),4,3.6,4.4
不然會很不安,不然(Cbb) 會(D) 很(Dfa) 不安(VH),4,3.4,5.125
很浮躁不安,很(Dfa) 浮躁(VH) 不安(VH),4,3.0,6.25
容易感覺不安,容易(VH) 感覺(Na) 不安(VH),4,3.6,3.5555555560000003
我更是會緊張神經質,我(Nh) 更(D) 是(SHI) 會(D) 緊張(VH) 神經質(VH),4,3.4444444439999997,4.777777778
非常緊張,非常(Dfa) 緊張(VH),4,3.375,7.75
我緊張個什麼勁,我(Nh) 緊張(VH) 個(Nf) 什麼(Nep) 勁(Na),4,4.1111111110000005,5.0
而且心情會莫名的緊張起來,而且(Cbb) 心情(Na) 會(D) 莫名(VH) 的(DE) 緊張(VH) 起來(Di),4,4.0,5.666666667
每次要睡覺都好緊張,每(Nes) 次要(A) 睡覺(VA) 都(D) 好(Dfa) 緊張(VH),4,3.75,4.555555556
我神經比較容易緊張,我(Nh) 神經(Na) 比較(Dfa) 容易(VH) 緊張(VH),4,3.5,5.444444444
而且容易緊張,而且(Cbb) 容易(VH) 緊張(VH),4,4.0,4.125
我會感到莫名的緊張,我(Nh) 會(D) 感到(VK) 莫名(A) 的(DE) 緊張(VH),4,3.875,5.0
我就會查覺自己開始不安,我(Nh) 就(D) 會(D) 查覺(VK) 自己(Nh) 開始(VL) 不安(VH),4,3.777777778,4.75
我不時會對未來感到不安,我(Nh) 不時(D) 會(D) 對(P) 未來(Nd) 感到(VK) 不安(VH),4,3.666666667,4.444444444
整天精神處於緊繃,整(Neqa) 天(Nf) 精神(Na) 處於(VJ) 緊繃(VHC),4,3.5,5.0
緊張的情況並未改善,緊張(VH) 的(DE) 情況(Na) 並未(D) 改善(VC),4,4.0,3.666666667
就精神緊張,就(P) 精神(Na) 緊張(VH),4,3.5,4.875
容易緊張造成腸胃不好,容易(VH) 緊張(VH) 造成(VG) 腸胃(Na) 不好(VC),4,3.0,4.75
常覺得活得很緊張壓力很大,常(D) 覺得(VK) 活(VH) 得(DE) 很(Dfa) 緊張(VH) 壓力(Na) 很(Dfa) 大(VH),4,2.75,6.0
而且最近伴隨著焦慮,而且(Cbb) 最近(Nd) 伴隨(VC) 著(Di) 焦慮(VH),4,3.4,4.625
我每天上課都非常緊張,我(Nh) 每(Nes) 天(Nf) 上課(VA) 都(D) 非常(Dfa) 緊張(VH),4,3.5,5.571428571
就讓自已越來越緊張,就(D) 讓(VL) 自已(Nh) 越來越(Dfa) 緊張(VH),4,3.5555555560000003,5.8888888889999995
就非常焦慮,就(D) 非常(Dfa) 焦慮(VH),4,3.0,6.0
緊張時還會更嚴重,緊張(VH) 時(Ng) 還(D) 會(D) 更(D) 嚴重(VH),4,3.25,4.9
我便變的很緊張,我(Nh) 便(D) 變(VH) 的(DE) 很(Dfa) 緊張(VH),4,3.5,5.25
可能是太緊張的緣固,可能(D) 是(SHI) 太(Dfa) 緊張(VH) 的(DE) 緣(Na) 固(Cbb),4,3.777777778,5.222222222
我也會有莫名的緊張,我(Nh) 也(D) 會(D) 有(V_2) 莫名(A) 的(DE) 緊張(VH),4,4.0,4.8888888889999995
有時常有點緊張兮兮的,有時(D) 常(D) 有點(Dfa) 緊張兮兮(VH) 的(DE),4,3.5,5.1111111110000005
很容易緊張,很(Dfa) 容易(VH) 緊張(VH),4,3.6,4.444444444
我也覺得極度不安全,我(Nh) 也(D) 覺得(VK) 極度(Dfa) 不(D) 安全(VH),4,2.5,6.428571429
因伯父現在極易緊張,因(Cbb) 伯父(Na) 現在(Nd) 極(Dfa) 易(VH) 緊張(VH),4,3.5555555560000003,4.666666667
偶焦慮不安,偶(D) 焦慮(VH) 不安(VH),4,3.75,5.222222222
情緒焦躁易怒,情緒(Na) 焦躁(VH) 易怒(VH),4,3.0,6.25
原本只是覺得自己很容易緊張,原本(D) 只是(D) 覺得(VK) 自己(Nh) 很(Dfa) 容易(VH) 緊張(VH),4,4.0,4.75
就會產生緊張,就(D) 會(D) 產生(VHC) 緊張(VH),4,4.0,4.375
總讓我焦慮不安,總(D) 讓(VL) 我(Nh) 焦慮(VH) 不安(VH),4,3.0,5.75
這樣的焦慮,這樣(VH) 的(DE) 焦慮(Nv),4,3.5555555560000003,5.125
使我一直感到焦慮不安,使(VL) 我(Nh) 一直(D) 感到(VK) 焦慮(VH) 不安(VH),4,3.375,6.555555556
可是我真的很不安,可是(Cbb) 我(Nh) 真的(D) 很(Dfa) 不安(VH),4,3.375,5.777777778
焦慮不安,焦慮(VH) 不安(VH),4,3.4,5.8888888889999995
我愈來愈焦慮,我(Nh) 愈來愈(Dfa) 焦慮(VH),4,3.5,5.75
那天她就很緊張,那(Nep) 天(Nf) 她(Nh) 就(D) 很(Dfa) 緊張(VH),4,4.0,4.8
緊張冒汗得頻頻拭汗,緊張(VH) 冒汗(Na) 得(D) 頻頻(D) 拭(VC) 汗(Na),4,3.0,5.5
容易緊張,容易(VH) 緊張(VH),4,4.0,4.1111111110000005
會緊張到不易解小便,會(D) 緊張(VH) 到(P) 不易(VH) 解(VC) 小便(VA),4,3.333333333,5.1111111110000005
還是我在不安什麼,還是(D) 我(Nh) 在(P) 不安(VH) 什麼(Nep),4,3.5,3.888888889
我有一種焦慮感,我(Nh) 有(V_2) 一(Neu) 種(Nf) 焦慮感(Na),4,3.333333333,5.25
非常地緊張,非常(Dfa) 地(DE) 緊張(VH),4,3.4444444439999997,6.0
我時常很易緊張,我(Nh) 時常(D) 很(Dfa) 易(VH) 緊張(VH),4,3.5,5.222222222
突然一陣緊張,突然(D) 一陣(Nd) 緊張(VH),4,3.666666667,4.714285714
就緊張得往保健室走去,就(D) 緊張(VH) 得(DE) 往(P) 保健室(Nc) 走去(VA),4,3.666666667,5.25
尤於我的緊張,尤(D) 於(P) 我(Nh) 的(DE) 緊張(VH),4,3.5555555560000003,4.1
自己心裡其實很焦慮,自己(Nh) 心(Na) 裡(Ng) 其實(D) 很(Dfa) 焦慮(VH),4,3.375,5.75
結果看的我越來越緊張,結果(Dk) 看(VC) 的(DE) 我(Nh) 越來越(Dfa) 緊張(VH),4,3.5,5.0
只是說我可能太緊張了,只是(D) 說(VE) 我(Nh) 可能(D) 太(Dfa) 緊張(VH) 了(T),4,3.888888889,4.555555556
面對人會緊張,面對(VC) 人(Na) 會(D) 緊張(VH),4,4.0,3.625
無時無刻都感到不安害怕,無時無刻(D) 都(D) 感到(VK) 不安(VH) 害怕(VK),4,2.444444444,5.555555556
不善言詞容易緊張不知所措,不善(VH) 言詞(Na) 容易(VH) 緊張(VH) 不知所措(VH),4,3.4444444439999997,5.428571429
面對人會感到很緊張,面對(VC) 人(Na) 會(D) 感到(VK) 很(Dfa) 緊張(VH),4,3.0,5.75
會很緊張,會(D) 很(Dfa) 緊張(VH),4,3.6,5.1
帶來心理的不安,帶來(VC) 心理(Na) 的(DE) 不安(Nv),4,3.5,4.9
讓我覺得很煩,讓(VL) 我(Nh) 覺得(VK) 很(Dfa) 煩(VHC),4,3.666666667,5.714285714
有新的問題煩,有(V_2) 新(VH) 的(DE) 問題(Na) 煩(VHC),4,3.5,5.375
現在常常覺得很煩,現在(Nd) 常常(D) 覺得(VK) 很(Dfa) 煩(VHC),4,3.5555555560000003,5.8888888889999995
有時很想知道在煩什麼,有時(D) 很(Dfa) 想(VE) 知道(VK) 在(P) 煩(VHC) 什麼(Nep),4,4.0,3.777777778
我常覺得煩,我(Nh) 常(D) 覺得(VK) 煩(VHC),4,3.333333333,5.375
我真的好煩,我(Nh) 真的(D) 好(Dfa) 煩(VHC),4,3.5,5.555555556
每天這樣生活使我很煩,每(Nes) 天(Nf) 這樣(VH) 生活(Na) 使(VL) 我(Nh) 很(Dfa) 煩(VHC),4,3.5,6.1111111110000005
一直找一些事來煩自己,一直(D) 找(VC) 一些(Neqa) 事(Na) 來(D) 煩(VHC) 自己(Nh),4,3.4444444439999997,5.375
心情很煩,心情(Na) 很(Dfa) 煩(VHC),4,3.4444444439999997,6.125
體重下降覺得很煩,體重(Na) 下降(VA) 覺得(VK) 很(Dfa) 煩(VHC),4,3.0,4.1111111110000005
另我覺得很煩,另(Cbb) 我(Nh) 覺得(VK) 很(Dfa) 煩(VHC),4,3.5555555560000003,6.0
真煩這種情緒,真(D) 煩(VHC) 這(Nep) 種(Nf) 情緒(Na),4,3.4444444439999997,5.4
他會覺得很煩,他(Nh) 會(D) 覺得(VK) 很(Dfa) 煩(VHC),4,3.5555555560000003,5.0
我真的是煩了,我(Nh) 真的(D) 是(SHI) 煩(VHC) 了(Di),4,3.5,6.0
家人在家又覺得很厭煩,家人(Na) 在(P) 家(Nc) 又(D) 覺得(VK) 很(Dfa) 厭煩(VK),4,3.0,5.625
有時覺得厭煩,有時(D) 覺得(VK) 厭煩(VK),4,3.0,5.444444444
而感到厭煩,而(Cbb) 感到(VK) 厭煩(VK),4,3.4,4.625
但忽然就會覺得厭煩,但(Cbb) 忽然(D) 就(D) 會(D) 覺得(VK) 厭煩(VK),4,3.4,5.625
前一陣子沒來由的覺得好煩躁,前(Nes) 一陣子(Nd) 沒來由(VH) 的(DE) 覺得(VK) 好(Dfa) 煩躁(VH),4,3.5555555560000003,6.0
只有更煩躁,只有(D) 更(D) 煩躁(VH),4,3.0,6.222222222
有時會心情煩躁,有時(D) 會(D) 心情(Na) 煩躁(VH),4,3.6,5.375
會煩躁的想死掉算了,會(D) 煩躁(VH) 的(DE) 想(VE) 死掉(VH) 算了(VH),4,1.5,7.0
我真的很煩,我(Nh) 真的(D) 很(Dfa) 煩(VHC),4,3.0,6.222222222
也每天都覺得很煩,也(D) 每(Nes) 天(Nf) 都(D) 覺得(VK) 很(Dfa) 煩(VHC),4,3.5,6.0
尤其最近容易自循煩腦,尤其(D) 最近(Nd) 容易(VH) 自(P) 循煩(Na) 腦(Na),4,3.4444444439999997,3.777777778
我實在好煩好煩啊,我(Nh) 實在(D) 好(Dfa) 煩(VHC) 好(Dfa) 煩(VHC) 啊(T),4,3.0,6.5
而且為此覺得很煩,而且(Cbb) 為(P) 此(Nep) 覺得(VK) 很(Dfa) 煩(VHC),4,3.625,4.8
每天都覺得很煩,每(Nes) 天(Nf) 都(D) 覺得(VK) 很(Dfa) 煩(VHC),4,2.888888889,6.333333333
好煩好煩,好(Dfa) 煩(VHC) 好(Dfa) 煩(VHC),4,3.333333333,6.555555556
真的好煩好煩,真的(D) 好(Dfa) 煩(VHC) 好(Dfa) 煩(VHC),4,3.0,6.222222222
因為就是會莫名的感到恐懼,因為(Cbb) 就是(Cbb) 會(D) 莫名(VH) 的(DE) 感到(VK) 恐懼(VK),4,3.0,5.857142857
到了晚上很恐懼,到(VCL) 了(Di) 晚上(Nd) 很(Dfa) 恐懼(VK),4,3.0,5.0
患有恐慌症,患有(VJ) 恐慌症(Na),4,3.375,4.4
對未來有很深的恐懼,對(P) 未來(Nd) 有(V_2) 很(Dfa) 深(VH) 的(DE) 恐懼(Nv),4,3.0,5.6
我最近時常對聲音感到恐懼,我(Nh) 最近(Nd) 時常(D) 對(P) 聲音(Na) 感到(VK) 恐懼(VK),4,3.4444444439999997,5.0
可怕的是對失眠的恐懼,可怕(VH) 的(DE) 是(SHI) 對(P) 失眠(VH) 的(DE) 恐懼(Nv),4,3.4,5.0
由於我對學校的恐懼,由於(Cbb) 我(Nh) 對(P) 學校(Nc) 的(DE) 恐懼(Nv),4,3.2,5.125
甚至到了恐懼的地步,甚至(D) 到(VCL) 了(Di) 恐懼(VK) 的(DE) 地步(Na),4,2.625,6.625
被自己的恐懼打敗了,被(P) 自己(Nh) 的(DE) 恐懼(Nv) 打敗(VC) 了(Di),4,3.333333333,5.0
請問我如果有社交恐懼症,請問(VE) 我(Nh) 如果(Cbb) 有(V_2) 社交(Na) 恐懼症(Na),4,3.4444444439999997,3.5555555560000003
我似乎有社交恐懼,我(Nh) 似乎(D) 有(V_2) 社交(Na) 恐懼(Nv),4,3.4,5.1111111110000005
讓我心中恐懼,讓(VL) 我(Nh) 心(Na) 中(Ng) 恐懼(VK),4,3.222222222,4.5
恐懼不安,恐懼(VK) 不安(VH),4,3.0,6.555555556
造成恐慌焦慮症,造成(VG) 恐慌(Nv) 焦慮症(Na),4,3.0,5.333333333
感到恐慌,感到(VK) 恐慌(VH),4,3.4444444439999997,5.0
好像恐懼的東西越來越多,好像(D) 恐懼(VK) 的(DE) 東西(Na) 越來越(Dfa) 多(VH),4,3.0,4.714285714
且非常恐懼,且(Cbb) 非常(Dfa) 恐懼(VK),4,3.0,5.333333333
恐懼自己也會和母親一樣,恐懼(VK) 自己(Nh) 也(D) 會(D) 和(P) 母親(Na) 一樣(VH),4,3.5,5.444444444
對現實與未來的恐懼,對(P) 現實(Na) 與(Caa) 未來(Nd) 的(DE) 恐懼(Nv),4,3.571428571,4.25
於是對男性產生了恐懼,於是(Cbb) 對(P) 男性(Na) 產生(VHC) 了(Di) 恐懼(Nv),4,3.4444444439999997,5.25
如何克服恐慌症,如何(D) 克服(VJ) 恐慌症(Na),4,4.0,5.333333333
當恐慌的情境產生時,當(P) 恐慌(VH) 的(DE) 情境(Na) 產生(VHC) 時(Ng),4,3.5555555560000003,4.222222222
我懷疑自己有社交恐懼症,我(Nh) 懷疑(VK) 自己(Nh) 有(V_2) 社交(Na) 恐懼症(Na),4,3.375,4.1111111110000005
一些恐慌症狀日益嚴重,一些(Neqa) 恐慌(Nv) 症狀(Na) 日益(D) 嚴重(VH),4,3.0,4.5
不要每天活在恐懼,不要(D) 每(Nes) 天(Nf) 活(VH) 在(P) 恐懼(Nv),4,3.4444444439999997,5.2
有輕微社交恐懼症,有(V_2) 輕微(VH) 社交(Na) 恐懼症(Na),4,3.4444444439999997,4.1111111110000005
之後又莫名恐懼,之後(Nd) 又(Caa) 莫名(A) 恐懼(Nv),4,3.375,4.25
有可能社交恐懼症,有(V_2) 可能(VH) 社交(Na) 恐懼症(Na),4,3.222222222,4.4
有可能恐慌症,有(V_2) 可能(VH) 恐慌症(Na),4,3.5,4.8571428569999995
恐慌等等的狀況日益增加,恐慌(Nv) 等等(Cab) 的(DE) 狀況(Na) 日益(D) 增加(VHC),4,3.0,4.75
是我對失眠的恐懼,是(SHI) 我(Nh) 對(P) 失眠(VH) 的(DE) 恐懼(Nv),4,3.4444444439999997,6.0
落入恐懼的深淵,落入(VCL) 恐懼(Nv) 的(DE) 深淵(Na),4,2.625,5.333333333
就是一連串的不安與恐懼,就是(Cbb) 一連串(A) 的(DE) 不安(Nv) 與(Caa) 恐懼(Nv),4,3.0,4.8571428569999995
但是我又有社交恐懼症,但是(Cbb) 我(Nh) 又(D) 有(V_2) 社交(Na) 恐懼症(Na),4,3.5555555560000003,4.625
無故恐懼,無故(D) 恐懼(VK),4,3.4444444439999997,5.25
我會恐懼上廁所時,我(Nh) 會(D) 恐懼(VK) 上廁所(VA) 時(Ng),4,3.5,4.7
充滿了恐懼,充滿(VJ) 了(Di) 恐懼(Nv),4,3.333333333,5.5
只要踏入家門就充滿恐懼,只要(Cbb) 踏入(VCL) 家門(Nc) 就(D) 充滿(VJ) 恐懼(Nv),4,3.0,5.444444444
讓我更恐懼,讓(VL) 我(Nh) 更(D) 恐懼(VK),4,3.0,5.5
我會莫名恐懼失眠,我(Nh) 會(D) 莫名(VH) 恐懼(VK) 失眠(VH),4,3.2,5.666666667
醫生說有社交恐懼症,醫生(Na) 說(VE) 有(V_2) 社交(Na) 恐懼症(Na),4,3.0,4.777777778
症狀有異常的恐懼多疑,症狀(Na) 有(V_2) 異常(VH) 的(DE) 恐懼(Nv) 多疑(VH),4,2.888888889,5.666666667
我感到很恐懼,我(Nh) 感到(VK) 很(Dfa) 恐懼(VK),4,3.0,6.0
突然有恐慌與心悸的感覺,突然(D) 有(V_2) 恐慌(Nv) 與(Caa) 心悸(VI) 的(DE) 感覺(Na),4,3.111111111,6.0
我心理就有一種恐懼,我(Nh) 心理(Na) 就(D) 有(V_2) 一(Neu) 種(Nf) 恐懼(Nv),4,3.0,4.8571428569999995
會出現恐慌現象,會(D) 出現(VH) 恐慌(Nv) 現象(Na),4,3.222222222,4.555555556
但當恐慌一來,但(Cbb) 當(P) 恐慌(VH) 一來(Neu),4,3.5555555560000003,4.5
不是很惶恐就是很厭倦,不(D) 是(SHI) 很(Dfa) 惶恐(VH) 就(Da) 是(SHI) 很(Dfa) 厭倦(VJ),4,3.0,5.222222222
但我害怕我不會好,但(Cbb) 我(Nh) 害怕(VK) 我(Nh) 不會(D) 好(VH),4,3.222222222,5.0
我怕人家會笑我胖,我(Nh) 怕(VK) 人家(Nh) 會(D) 笑(VC) 我(Nh) 胖(VH),4,4.0,4.0
因從小就害怕上台說話,因(Cbb) 從小(D) 就(D) 害怕(VK) 上台(VA) 說話(VA),4,4.0,4.875
我害怕自己會出糗,我(Nh) 害怕(VK) 自己(Nh) 會(D) 出糗(VH),4,4.0,3.75
是不是怕付出了而受到傷害,是(SHI) 不(D) 是(SHI) 怕(VK) 付出(VC) 了(Di) 而(Cbb) 受到(VJ) 傷害(Na),4,3.666666667,5.333333333
因為我怕醒不過來,因為(Cbb) 我(Nh) 怕(VK) 醒(VA) 不(D) 過來(VA),4,3.375,3.625
害怕自己不能考好,害怕(VK) 自己(Nh) 不能(D) 考好(VC),4,3.6,5.5
全面性的怕與人互動,全面性(Na) 的(DE) 怕(VK) 與(P) 人(Na) 互動(Nv),4,2.666666667,5.2
我害怕死亡,我(Nh) 害怕(VK) 死亡(VH),4,2.625,6.555555556
也害怕哥哥外遇,也(D) 害怕(VK) 哥哥(Na) 外遇(Na),4,3.1,4.625
我有點害怕上班,我(Nh) 有點(Dfa) 害怕(VK) 上班(VA),4,3.5,4.444444444
我好害怕自己是否有神經病,我(Nh) 好(Dfa) 害怕(VK) 自己(Nh) 是否(D) 有(V_2) 神經病(Na),4,3.0,5.444444444
害怕考得不好,害怕(VK) 考(VC) 得(DE) 不(D) 好(VH),4,3.0,5.333333333
很害怕被否定被忽略,很(Dfa) 害怕(VK) 被(P) 否定(VC) 被(P) 忽略(VJ),4,3.0,4.125
但是害怕回家,但是(Cbb) 害怕(VK) 回家(VA),4,3.4444444439999997,4.4
怕別人不高興,怕(VK) 別人(Nh) 不(D) 高興(VK),4,3.875,3.888888889
而且我非常怕別人的批評,而且(Cbb) 我(Nh) 非常(Dfa) 怕(VK) 別人(Nh) 的(DE) 批評(Na),4,3.333333333,4.6
又怕他們覺得我很煩,又(D) 怕(VK) 他們(Nh) 覺得(VK) 我(Nh) 很(Dfa) 煩(VHC),4,3.666666667,4.666666667
我都怕和他溝通,我(Nh) 都(D) 怕(VK) 和(P) 他(Nh) 溝通(VC),4,3.6,5.0
但我怕撕破臉,但(Cbb) 我(Nh) 怕(VK) 撕破臉(VA),4,3.0,5.2
可是又怕冷場,可是(Cbb) 又(D) 怕(VK) 冷場(Na),4,3.5555555560000003,4.125
是怕別人而逐漸退卻嗎,是(SHI) 怕(VK) 別人(Nh) 而(Cbb) 逐漸(D) 退卻(VH) 嗎(T),4,3.5,4.25
怕再受傷害,怕(VK) 再(D) 受(VJ) 傷害(Na),4,3.0,5.1111111110000005
很害怕永遠長此下去,很(Dfa) 害怕(VK) 永遠(D) 長(VC) 此(Nep) 下去(VA),4,3.75,5.8888888889999995
卻害怕伸出手,卻(D) 害怕(VK) 伸出(VC) 手(Na),4,3.5,4.428571429
怕嚇到他們,怕(VK) 嚇到(VJ) 他們(Nh),4,3.5555555560000003,4.6
另外怕坐機車速度感,另外(Cbb) 怕(VK) 坐(VA) 機車(Na) 速度感(Na),4,4.0,3.888888889
還有我會怕速度感,還(D) 有(V_2) 我(Nh) 會(D) 怕(VK) 速度感(Na),4,4.0,4.555555556
一直害怕明天的來臨,一直(D) 害怕(VK) 明天(Nd) 的(DE) 來臨(Nv),4,3.4444444439999997,5.1111111110000005
自己會害怕面對別人時,自己(Nh) 會(D) 害怕(VK) 面對(VC) 別人(Nh) 時(Ng),4,3.6,4.4
都相當害怕,都(D) 相當(Dfa) 害怕(VK),4,3.0,5.5
便怕自己做不好,便(D) 怕(VK) 自己(Nh) 做(VC) 不(D) 好(VH),4,3.4444444439999997,5.0
因為怕要和店員交談應對,因為(Cbb) 怕(VK) 要(D) 和(P) 店員(Na) 交談(VA) 應對(VB),4,4.0,4.25
害怕一個人待在家裡,害怕(VK) 一(Neu) 個人(Nh) 待在(VCL) 家(Nc) 裡(Ncd),4,3.5555555560000003,4.5
她應該是害怕未來吧,她(Nh) 應該(D) 是(SHI) 害怕(VK) 未來(Nd) 吧(T),4,3.666666667,4.1
她很害怕自己過度依賴藥物,她(Nh) 很(Dfa) 害怕(VK) 自己(Nh) 過度(Dfa) 依賴(VK) 藥物(Na),4,3.571428571,3.875
總在怕別人罵我,總(D) 在(P) 怕(VK) 別人(Nh) 罵(VC) 我(Nh),4,3.333333333,4.5
怕與人接觸,怕(VK) 與(P) 人(Na) 接觸(VC),4,3.666666667,4.666666667
我覺得我好害怕面對人群,我(Nh) 覺得(VK) 我(Nh) 好(Dfa) 害怕(VK) 面對(VC) 人群(Na),4,3.0,5.1
害怕自己舉止失當,害怕(VK) 自己(Nh) 舉止(Na) 失當(VH),4,3.4444444439999997,5.333333333
害怕別人以異樣眼光看我,害怕(VK) 別人(Nh) 以(P) 異樣(Na) 眼光(Na) 看(VC) 我(Nh),4,3.333333333,5.875
我也越來越害怕面對人群,我(Nh) 也(D) 越來越(Dfa) 害怕(VK) 面對(VC) 人群(Na),4,3.0,4.7
怕別人不接受我,怕(VK) 別人(Nh) 不(D) 接受(VC) 我(Nh),4,3.4,4.6
也害怕親友人的眼光,也(D) 害怕(VK) 親友人(Na) 的(DE) 眼光(Na),4,3.111111111,5.125
卻怕自己會跟不上別人,卻(D) 怕(VK) 自己(Nh) 會(D) 跟不上(VJ) 別人(Nh),4,4.0,4.375
害怕出門等,害怕(VK) 出門(VA) 等(Cab),4,3.5,4.0
我怕他們會怎麼樣,我(Nh) 怕(VK) 他們(Nh) 會(D) 怎麼樣(VH),4,3.666666667,5.444444444
真怕會跟我一樣,真(D) 怕(VK) 會(D) 跟(P) 我(Nh) 一樣(VH),4,3.625,5.428571429
那時會害怕分組,那時(Nd) 會(D) 害怕(VK) 分組(VB),4,4.0,5.25
是因為怕家人擔心,是(SHI) 因為(Cbb) 怕(VK) 家人(Na) 擔心(VK),4,3.5555555560000003,3.4444444439999997
很害怕環境變動,很(Dfa) 害怕(VK) 環境(Na) 變動(VHC),4,3.4444444439999997,4.444444444
我會害怕一個人出門,我(Nh) 會(D) 害怕(VK) 一(Neu) 個人(Nh) 出門(VA),4,4.0,4.5
卻不知道害怕什麼,卻(D) 不(D) 知道(VK) 害怕(VK) 什麼(Nep),4,3.888888889,3.888888889
真怕他會崩潰,真(D) 怕(VK) 他(Nh) 會(D) 崩潰(VH),4,2.666666667,5.25
怕男朋友擔心,怕(VK) 男朋友(Na) 擔心(VK),4,3.666666667,4.0
害怕她生氣,害怕(VK) 她(Nh) 生氣(VH),4,3.5,4.5
我怕被社會淘汰,我(Nh) 怕(VK) 被(P) 社會(Na) 淘汰(VC),4,2.625,5.2
我怕生病,我(Nh) 怕(VK) 生病(VH),4,3.5,3.666666667
我又怕我會血栓,我(Nh) 又(D) 怕(VK) 我(Nh) 會(D) 血栓(Na),4,3.0,5.333333333
但是我又非常害怕一個人,但是(Cbb) 我(Nh) 又(D) 非常(Dfa) 害怕(VK) 一(Neu) 個人(Nh),4,2.625,5.75
我都怕得想溜走,我(Nh) 都(D) 怕(VK) 得(DE) 想(VE) 溜走(VA),4,3.333333333,5.625
害怕去接近人群,害怕(VK) 去(D) 接近(VC) 人群(Na),4,3.777777778,4.4
但是又害怕正視自己情緒,但是(Cbb) 又(D) 害怕(VK) 正視(VC) 自己(Nh) 情緒(Na),4,3.666666667,5.25
我怕害他發病,我(Nh) 怕(VK) 害(VC) 他(Nh) 發病(VH),4,3.777777778,5.222222222
我好怕我能照顧別人,我(Nh) 好(Dfa) 怕(VK) 我(Nh) 能(D) 照顧(VC) 別人(Nh),4,3.888888889,6.142857143
我好怕他會崩潰,我(Nh) 好(Dfa) 怕(VK) 他(Nh) 會(D) 崩潰(VH),4,3.0,6.444444444
也害怕他會得憂鬱症,也(D) 害怕(VK) 他(Nh) 會(D) 得(VJ) 憂鬱症(Na),4,3.0,5.555555556
他會害怕面對人群,他(Nh) 會(D) 害怕(VK) 面對(VC) 人群(Na),4,3.333333333,4.0
害怕的負面情緒,害怕(VK) 的(DE) 負面(Na) 情緒(Na),4,3.222222222,4.0
我都會怕有鬼,我(Nh) 都(D) 會(D) 怕(VK) 有(V_2) 鬼(Na),4,3.4444444439999997,5.5
我怕極了夜晚,我(Nh) 怕(VK) 極了(Dfb) 夜晚(Nd),4,3.0,5.875
怕她傷心,怕(VK) 她(Nh) 傷心(VH),4,3.888888889,3.666666667
怕說不好怕抖得很丟人,怕(VK) 說(VE) 不(D) 好(Dfa) 怕(VK) 抖(VAC) 得(DE) 很(Dfa) 丟人(VH),4,3.625,4.8571428569999995
我害怕白天,我(Nh) 害怕(VK) 白天(Nd),4,3.5,4.25
最近我會怕坐火車,最近(Nd) 我(Nh) 會(D) 怕(VK) 坐(VA) 火車(Na),4,3.666666667,3.666666667
害怕股起勇氣,害怕股(Na) 起(Ng) 勇氣(Na),4,3.4444444439999997,5.1428571430000005
我害怕出門,我(Nh) 害怕(VK) 出門(VA),4,3.666666667,4.5
怕出門會弄髒身體,怕(VK) 出門(VA) 會(D) 弄髒(VC) 身體(Na),4,4.0,3.777777778
害怕洗不乾淨,害怕(VK) 洗(VC) 不(D) 乾淨(VH),4,3.666666667,4.125
怕場面難收拾,怕(VK) 場面(Na) 難(VH) 收拾(VC),4,4.0,4.5
我怕醫生會罵我神經,我(Nh) 怕(VK) 醫生(Na) 會(D) 罵(VC) 我(Nh) 神經(Na),4,3.0,5.222222222
怕像媽媽一樣的結果,怕(VK) 像(P) 媽媽(Na) 一樣(VH) 的(DE) 結果(Na),4,4.0,4.2
可是我害怕醫院,可是(Cbb) 我(Nh) 害怕(VK) 醫院(Nc),4,3.75,5.1111111110000005
我連出去玩都會覺得害怕,我(Nh) 連(D) 出去(VA) 玩(VC) 都(D) 會(D) 覺得(VK) 害怕(VK),4,2.625,6.1111111110000005
我總怕失去他,我(Nh) 總(D) 怕(VK) 失去(VJ) 他(Nh),4,3.4444444439999997,4.625
但是她對做電療有點害怕,但是(Cbb) 她(Nh) 對(P) 做(VC) 電療(Nv) 有點(Dfa) 害怕(VK),4,3.4444444439999997,3.625
怕會影響記憶力,怕(VK) 會(D) 影響(VC) 記憶力(Na),4,3.5,3.75
還怕我們死了以後,還(D) 怕(VK) 我們(Nh) 死(VH) 了(Di) 以後(Nd),4,2.888888889,5.125
到現在對異性還會害怕,到(P) 現在(Nd) 對(P) 異性(Na) 還(D) 會(D) 害怕(VK),4,3.0,5.444444444
有點怕和別人相楚,有點(Dfa) 怕(VK) 和(P) 別人(Nh) 相(D) 楚(Nc),4,3.6,4.5
我總是怕傷害別人,我(Nh) 總是(D) 怕(VK) 傷害(VC) 別人(Nh),4,3.333333333,5.375
我怕傳出去變成隨便,我(Nh) 怕(VK) 傳出去(VC) 變成(VG) 隨便(VH),4,4.0,4.1111111110000005
而且我害怕的男性,而且(Cbb) 我(Nh) 害怕(VK) 的(DE) 男性(Na),4,3.5,5.375
其餘的我都怕,其餘(Neqa) 的(DE) 我(Nh) 都(D) 怕(VK),4,3.0,5.0
但是卻害怕打針,但是(Cbb) 卻(D) 害怕(VK) 打針(VB),4,3.6,5.1111111110000005
現在只要看到針就會害怕,現在(Nd) 只要(Cbb) 看到(VE) 針(Na) 就(D) 會(D) 害怕(VK),4,3.5,5.875
怕面試又搞砸了,怕(VK) 面試(VC) 又(D) 搞砸(VC) 了(Di),4,3.4,5.0
我害怕地震的再度來臨,我(Nh) 害怕(VK) 地震(VA) 的(DE) 再度(D) 來臨(VA),4,3.0,5.8888888889999995
怕無法養我們長大,怕(VK) 無法(D) 養(VC) 我們(Nh) 長大(VH),4,3.333333333,5.1111111110000005
害怕自己做得不好,害怕(VK) 自己(Nh) 做(VC) 得(DE) 不(D) 好(VH),4,3.6,4.75
我怕她寂寞,我(Nh) 怕(VK) 她(Nh) 寂寞(VH),4,4.1111111110000005,3.5555555560000003
怕沒人關心她,怕(VK) 沒(VJ) 人(Na) 關心(VK) 她(Nh),4,4.0,4.625
然而我卻也怕失去她,然而(Cbb) 我(Nh) 卻(D) 也(D) 怕(VK) 失去(VJ) 她(Nh),4,3.25,4.9
我怕在此種糾葛之下,我(Nh) 怕(VK) 在(P) 此(Nep) 種(Nf) 糾葛(Na) 之下(Ng),4,3.666666667,4.1111111110000005
現在我怕天亮,現在(Nd) 我(Nh) 怕(VK) 天亮(VH),4,3.5555555560000003,3.375
我怕起床後,我(Nh) 怕(VK) 起床(VA) 後(Ng),4,4.0,3.5555555560000003
我怕小孩哭鬧,我(Nh) 怕(VK) 小孩(Na) 哭鬧(VA),4,3.6,4.75
我怕說話不合婆婆意,我(Nh) 怕(VK) 說話(VA) 不合(VH) 婆婆(Na) 意(Na),4,3.5,4.666666667
怕吃飯得面對婆婆,怕(VK) 吃飯(VA) 得(DE) 面對(VC) 婆婆(Na),4,3.4,3.888888889
怕上街要帶三個孩子,怕(VK) 上街(VA) 要(D) 帶(VC) 三(Neu) 個(Nf) 孩子(Na),4,3.666666667,4.0
怕晚間面對小叔輕視眼神,怕(VK) 晚間(Nd) 面對(VC) 小叔(Na) 輕視(VJ) 眼神(Na),4,3.5555555560000003,4.75
害怕一個人,害怕(VK) 一(Neu) 個人(Nh),4,3.333333333,4.3
害怕閒下來,害怕(VK) 閒下來(VH),4,3.4444444439999997,4.1428571430000005
又怕擔誤我的終身大事,又(D) 怕(VK) 擔誤(VJ) 我(Nh) 的(DE) 終身大事(Na),4,3.4444444439999997,5.333333333
怕同事對自己產生誤解,怕(VK) 同事(Na) 對(P) 自己(Nh) 產生(VHC) 誤解(Na),4,3.666666667,4.5
害怕人群,害怕(VK) 人群(Na),4,3.333333333,4.0
又怕家人關心的詢問,又(D) 怕(VK) 家人(Na) 關心(VK) 的(DE) 詢問(Nv),4,4.0,3.777777778
因為我會怕別人討厭我,因為(Cbb) 我(Nh) 會(D) 怕(VK) 別人(Nh) 討厭(VK) 我(Nh),4,3.333333333,4.625
又怕打瞌睡丟臉,又(D) 怕(VK) 打瞌睡(VA) 丟臉(VH),4,3.5,4.5
所以我更怕上課,所以(Cbb) 我(Nh) 更(D) 怕(VK) 上課(VA),4,3.875,4.222222222
沒了信心害怕與人相處,沒(VJ) 了(Di) 信心(Na) 害怕(VK) 與(P) 人(Na) 相處(VA),4,3.0,5.0
一看到就會很害怕,一(D) 看到(VE) 就(D) 會(D) 很(Dfa) 害怕(VK),4,3.0,6.375
可是我卻害怕回娘家,可是(Cbb) 我(Nh) 卻(D) 害怕(VK) 回(VCL) 娘家(Nc),4,3.4444444439999997,5.2
也怕看醫生,也(D) 怕(VK) 看醫生(VA),4,4.0,4.0
也怕自己太黏人,也(D) 怕(VK) 自己(Nh) 太(Dfa) 黏(VH) 人(Na),4,3.777777778,3.666666667
因為怕自己會隨時體力不支,因為(Cbb) 怕(VK) 自己(Nh) 會(D) 隨時(D) 體力(Na) 不支(VH),4,3.4,4.875
我害怕別人的眼光,我(Nh) 害怕(VK) 別人(Nh) 的(DE) 眼光(Na),4,3.333333333,5.375
怕不會好,怕(VK) 不會(D) 好(VH),4,3.5555555560000003,4.8571428569999995
不時逃避所有我害怕的事,不時(D) 逃避(VC) 所有(Neqa) 我(Nh) 害怕(VK) 的(DE) 事(Na),4,3.0,5.333333333
還會害怕手是髒的,還(D) 會(D) 害怕(VK) 手(Na) 是(SHI) 髒(VH) 的(DE),4,3.6,5.375
因害怕被人笑,因(Cbb) 害怕(VK) 被(P) 人(Na) 笑(VA),4,3.777777778,4.5
我越來越害怕跟一些陌生人說話,我(Nh) 越來越(Dfa) 害怕(VK) 跟(P) 一些(Neqa) 陌生人(Na) 說話(VA),4,3.5555555560000003,4.8571428569999995
十分沮喪及害怕再回去,十分(Dfa) 沮喪(VH) 及(Caa) 害怕(VK) 再(D) 回去(VA),4,2.666666667,4.875
我怕以後也是這樣過日子,我(Nh) 怕(VK) 以後(Ng) 也(D) 是(SHI) 這樣(VH) 過日子(VA),4,3.6,5.0
尤其害怕與人吃飯,尤其(D) 害怕(VK) 與(P) 人(Na) 吃飯(VA),4,3.5,4.1111111110000005
很害怕一個人獨處,很(Dfa) 害怕(VK) 一(Neu) 個人(Nh) 獨處(VA),4,3.4,5.5
我怕他們不滿意,我(Nh) 怕(VK) 他們(Nh) 不(D) 滿意(VK),4,3.6,3.777777778
可是我對回去好怕,可是(Cbb) 我(Nh) 對(P) 回去(VA) 好(Dfa) 怕(VK),4,3.0,4.8571428569999995
我真得好害怕,我(Nh) 真(D) 得(D) 好(Dfa) 害怕(VK),4,2.5,6.555555556
害怕失敗的來臨,害怕(VK) 失敗(VH) 的(DE) 來臨(Nv),4,3.333333333,5.222222222
有的時候會很害怕,有的(Neqa) 時候(Na) 會(D) 很(Dfa) 害怕(VK),4,3.6,4.5
我覺得很害怕,我(Nh) 覺得(VK) 很(Dfa) 害怕(VK),4,3.0,6.0
我就越想越害怕,我(Nh) 就(D) 越(D) 想(VE) 越(D) 害怕(VK),4,3.0,5.8888888889999995
但我好害怕不敢去,但(Cbb) 我(Nh) 好(Dfa) 害怕(VK) 不(D) 敢(VL) 去(VCL),4,3.777777778,5.1111111110000005
我真的好害怕,我(Nh) 真的(D) 好(Dfa) 害怕(VK),4,3.333333333,5.8888888889999995
心裡的怕也是存在,心(Na) 裡(Ncd) 的(DE) 怕(VK) 也(D) 是(SHI) 存在(VA),4,3.4,4.6
但我就是會緊張害怕,但(Cbb) 我(Nh) 就是(Cbb) 會(D) 緊張(VH) 害怕(VK),4,3.5,5.5
但是心裡還是很害怕,但是(Cbb) 心(Na) 裡(Ng) 還是(D) 很(Dfa) 害怕(VK),4,3.625,5.555555556
但是始終都太害怕,但是(Cbb) 始終(D) 都(D) 太(Dfa) 害怕(VK),4,3.625,5.2
害怕起來,害怕(VK) 起來(Di),4,3.4,5.333333333
沒安全感,沒(VJ) 安全感(Na),4,3.6,3.7
莫名害怕,莫名(A) 害怕(VK),4,3.1,5.8888888889999995
我越是害怕的念頭,我(Nh) 越(D) 是(SHI) 害怕(VK) 的(DE) 念頭(Na),4,3.625,5.625
好怕好怕,好(Dfa) 怕(VK) 好(Dfa) 怕(VK),4,3.1,6.333333333
都一值會害怕,都(D) 一值(Na) 會(D) 害怕(VK),4,3.4444444439999997,4.75
我有點害怕,我(Nh) 有點(Dfa) 害怕(VK),4,4.0,5.75
我蠻害怕的,我(Nh) 蠻(Dfa) 害怕(VK) 的(DE),4,3.4444444439999997,5.333333333
就無故覺得害怕,就(D) 無故(D) 覺得(VK) 害怕(VK),4,3.5,4.285714286
當時我很害怕,當時(Nd) 我(Nh) 很(Dfa) 害怕(VK),4,3.4444444439999997,5.0
感到害怕,感到(VK) 害怕(VK),4,3.375,5.555555556
我現在還是很害怕,我(Nh) 現在(Nd) 還是(D) 很(Dfa) 害怕(VK),4,3.375,5.666666667
我很害怕,我(Nh) 很(Dfa) 害怕(VK),4,3.625,5.555555556
但是心理還是會怕怕的,但是(Cbb) 心理(Na) 還是(D) 會(D) 怕怕(VH) 的(DE),4,3.6,5.25
都覺得有壓力及害怕,都(D) 覺得(VK) 有(V_2) 壓力(Na) 及(Caa) 害怕(VK),4,3.0,6.25
讓我作任何事都怕,讓(VL) 我(Nh) 作(VC) 任何(Neqa) 事(Na) 都(D) 怕(VK),4,3.375,5.8888888889999995
心理怕怕的,心理(Na) 怕怕(VH) 的(DE),4,3.5,5.875
悶到有點暴力傾向,悶(VH) 到(P) 有點(Dfa) 暴力(VH) 傾向(Na),4,2.5,6.333333333
每天大罵家裡的人,每天(Nd) 大罵(VC) 家(Nc) 裡(Ncd) 的(DE) 人(Na),4,2.6,6.8
容易激動,容易(VH) 激動(VH),4,4.0,5.8888888889999995
脾氣來時很嚇人,脾氣(Na) 來(VA) 時(Ng) 很(Dfa) 嚇人(VH),4,3.25,6.0
自己脾氣越來越大,自己(Nh) 脾氣(Na) 越來越(Dfa) 大(VH),4,3.333333333,5.875
脾氣也會時高時低,脾氣(Na) 也(D) 會(D) 時(Ng) 高(VH) 時(Ng) 低(VH),4,3.5,4.777777778
我就無法控制自己的情緒,我(Nh) 就(D) 無法(D) 控制(VC) 自己(Nh) 的(DE) 情緒(Na),4,3.375,6.666666667
他便得異常偏激,他(Nh) 便(D) 得(D) 異常(Dfa) 偏激(VH),4,2.625,6.8888888889999995
有個脾氣不怎好的媽媽,有(V_2) 個(Nf) 脾氣(Na) 不(D) 怎(D) 好(VH) 的(DE) 媽媽(Na),4,3.0,5.375
而會表現火爆脾氣,而(Cbb) 會(D) 表現(VC) 火爆(VH) 脾氣(Na),4,2.875,6.555555556
而且脾氣變很大,而且(Cbb) 脾氣(Na) 變(VG) 很(Dfa) 大(VH),4,3.5,6.0
所以故意摔東西,所以(Cbb) 故意(VL) 摔(VC) 東西(Na),4,3.333333333,5.666666667
以至無法控制歇斯底里行為,以至(Cbb) 無法(D) 控制(VC) 歇斯底里(VH) 行為(Na),4,3.0,6.875
情緒容易激動,情緒(Na) 容易(VH) 激動(VH),4,3.6,5.8888888889999995
我就開始動怒,我(Nh) 就(D) 開始(VL) 動怒(VH),4,3.0,6.1111111110000005
我的脾氣變得很差,我(Nh) 的(DE) 脾氣(Na) 變得(VJ) 很(Dfa) 差(VH),4,2.625,6.222222222
脾氣越來越壞,脾氣(Na) 越來越(Dfa) 壞(VHC),4,3.0,6.25
常常無法克制自己的脾氣,常常(D) 無法(D) 克制(VC) 自己(Nh) 的(DE) 脾氣(Na),4,3.0,5.8888888889999995
脾氣總是在一瞬間爆開來,脾氣(Na) 總是(D) 在(P) 一瞬間(Nd) 爆開(VA) 來(VA),4,2.666666667,6.1111111110000005
想摔東西,想(VE) 摔(VC) 東西(Na),4,2.666666667,7.333333333
抓狂講話也會很激動,抓狂(VH) 講話(VA) 也(D) 會(D) 很(Dfa) 激動(VH),4,2.625,7.555555556
自己脾氣也易怒,自己(Nh) 脾氣(Na) 也(D) 易(VH) 怒(VH),4,3.4444444439999997,6.1111111110000005
達到情緒激動的狀態,達到(VJ) 情緒(Na) 激動(VH) 的(DE) 狀態(Na),4,3.333333333,6.8
但發起脾氣來就會打小孩,但(Cbb) 發起(VC) 脾氣(Na) 來(D) 就(D) 會(D) 打(VC) 小孩(Na),4,2.5,6.666666667
他就易怒,他(Nh) 就(D) 易怒(VH),4,3.0,6.222222222
極易動怒,極(Dfa) 易(VH) 動怒(VH),4,2.333333333,6.555555556
有點歇斯底里般的無法控制,有點(Dfa) 歇斯底里(VH) 般(Ng) 的(DE) 無法(D) 控制(VC),4,2.5714285709999998,6.444444444
也很沒耐性,也(D) 很(Dfa) 沒(VJ) 耐性(Na),4,3.666666667,3.888888889
雖然有時候想法偏激了一點,雖然(Cbb) 有時候(D) 想法(Na) 偏激(VH) 了(Di) 一點(Neqa),4,3.666666667,5.333333333
我的脾氣想法更偏激,我(Nh) 的(DE) 脾氣(Na) 想法(Na) 更(D) 偏激(VH),4,2.666666667,6.875
會因一些小事而發脾氣,會(D) 因(Cbb) 一些(Neqa) 小(VH) 事(Na) 而(Cbb) 發脾氣(VA),4,3.4,5.333333333
常常會發很大的脾氣,常常(D) 會(D) 發(VD) 很(Dfa) 大(VH) 的(DE) 脾氣(Na),4,2.666666667,6.75
易怒是國中就開始,易怒(VH) 是(SHI) 國中(Nc) 就(D) 開始(VL),4,3.0,5.857142857
脾氣變的很差,脾氣(Na) 變(VH) 的(DE) 很(Dfa) 差(VH),4,3.0,6.375
她脾氣不好,她(Nh) 脾氣(Na) 不(D) 好(VH),4,3.777777778,4.8888888889999995
有想要砸東西,有(V_2) 想要(VE) 砸(VC) 東西(Na),4,2.555555556,7.125
脾氣越無法控制,脾氣(Na) 越(D) 無法(D) 控制(VC),4,2.625,5.875
我脾氣就無法控制,我(Nh) 脾氣(Na) 就(D) 無法(D) 控制(VC),4,3.0,6.666666667
情緒變得易怒,情緒(Na) 變得(VJ) 易怒(VH),4,3.1,6.428571429
用力的摔東西,用力(VH) 的(DE) 摔(VC) 東西(Na),4,3.0,6.625
說話容易不耐煩,說話(VA) 容易(VH) 不耐煩(VH),4,3.5,5.444444444
覺得憤怒,覺得(VK) 憤怒(VH),4,2.555555556,7.444444444
永遠有發不完的脾氣,永遠(D) 有(V_2) 發(VH) 不(D) 完(VH) 的(DE) 脾氣(Na),4,3.0,6.25
敏感易怒,敏感(VH) 易怒(VH),4,3.375,5.8888888889999995
那些小事情根本就用不著哭,那些(Neqa) 小(VH) 事情(Na) 根本(D) 就(D) 用不著(D) 哭(VA),4,4.1111111110000005,5.375
我最近脾氣不好,我(Nh) 最近(Nd) 脾氣(Na) 不(D) 好(VH),4,3.4444444439999997,5.8888888889999995
一說話就發脾氣,一(D) 說話(VA) 就(D) 發脾氣(VA),4,3.0,6.75
但還是很生氣,但(Cbb) 還是(D) 很(Dfa) 生氣(VH),4,2.625,6.625
而且脾氣很暴躁,而且(Cbb) 脾氣(Na) 很(Dfa) 暴躁(VH),4,3.0,7.25
現在的她時常無緣無故發脾氣,現在(Nd) 的(DE) 她(Nh) 時常(D) 無緣無故(D) 發脾氣(VA),4,3.0,6.222222222
尤其是她發脾氣的時候,尤其(D) 是(SHI) 她(Nh) 發脾氣(VA) 的(DE) 時候(Na),4,4.0,5.1428571430000005
除了生氣和無奈,除了(P) 生氣(VH) 和(Caa) 無奈(VH),4,3.4444444439999997,5.444444444
個性變的暴躁,個性(Na) 變(VH) 的(DE) 暴躁(VH),4,3.0,7.375
脾氣愈來預暴躁,脾氣(Na) 愈(D) 來(D) 預(D) 暴躁(VH),4,3.0,6.875
常會因為一句話而發脾氣,常(D) 會(D) 因為(Cbb) 一(Neu) 句(Nf) 話(Na) 而(Cbb) 發脾氣(VA),4,3.4444444439999997,5.8888888889999995
雖然自己知道不應該生氣,雖然(Cbb) 自己(Nh) 知道(VK) 不應該(D) 生氣(VH),4,3.5555555560000003,5.0
脾氣變的很暴躁,脾氣(Na) 變(VH) 的(DE) 很(Dfa) 暴躁(VH),4,3.0,7.0
我實在很生氣,我(Nh) 實在(D) 很(Dfa) 生氣(VH),4,2.666666667,7.0
我變的暴躁易怒,我(Nh) 變(VH) 的(DE) 暴躁(VH) 易怒(VH),4,2.555555556,6.125
而且容易生氣生很久,而且(Cbb) 容易(VH) 生氣(VH) 生(VC) 很(Dfa) 久(VH),4,3.0,6.125
回家不自覺地對家人發脾氣,回家(VA) 不自覺(VK) 地(DE) 對(P) 家人(Na) 發脾氣(VA),4,3.0,6.555555556
我不是亂發男友脾氣,我(Nh) 不(D) 是(SHI) 亂(VH) 發(VD) 男友(Na) 脾氣(Na),4,3.6,5.333333333
有時自己都不知道為何發脾氣,有時(D) 自己(Nh) 都(D) 不(D) 知道(VK) 為何(D) 發脾氣(VA),4,3.2,5.375
最近時常發脾氣,最近(Nd) 時常(D) 發脾氣(VA),4,3.0,6.444444444
但是唯一不足的是容易暴躁,但是(Cbb) 唯一(A) 不足(VH) 的(DE) 是(SHI) 容易(VH) 暴躁(VH),4,3.0,6.0
很容易發脾氣,很(Dfa) 容易(VH) 發脾氣(VA),4,3.333333333,6.625
更加覺得生氣,更加(Dfa) 覺得(VK) 生氣(VH),4,3.0,6.8888888889999995
我很焦慮不耐煩,我(Nh) 很(Dfa) 焦慮(VH) 不耐煩(VH),4,2.555555556,6.777777778
我生氣時憤世嫉俗,我(Nh) 生氣(VH) 時(Ng) 憤世嫉俗(VH),4,3.0,6.625
對自己的男朋友發脾氣,對(P) 自己(Nh) 的(DE) 男朋友(Na) 發脾氣(VA),4,3.5555555560000003,5.8888888889999995
動不動就生氣,動不動(D) 就(D) 生氣(VH),4,3.0,6.375
因為我常常很想發脾氣,因為(Cbb) 我(Nh) 常常(D) 很(Dfa) 想(VE) 發脾氣(VA),4,3.5,5.875
一點點事就會很生氣,一點點(Neqa) 事(Na) 就(D) 會(D) 很(Dfa) 生氣(VH),4,3.0,6.1111111110000005
否則就會非常生氣,否則(Cbb) 就(D) 會(D) 非常(Dfa) 生氣(VH),4,3.0,7.0
她就會發脾氣,她(Nh) 就(D) 會(D) 發脾氣(VA),4,3.5,5.714285714
被誣賴的我很生氣,被(P) 誣賴(VC) 的(DE) 我(Nh) 很(Dfa) 生氣(VH),4,3.0,7.1111111110000005
我非常容易生氣,我(Nh) 非常(Dfa) 容易(VH) 生氣(VH),4,3.0,6.7
常常會動不動就生氣,常常(D) 會(D) 動不動(D) 就(D) 生氣(VH),4,3.0,6.125
即使是一些小事也會發脾氣,即使(Cbb) 是(SHI) 一些(Neqa) 小(VH) 事(Na) 也(D) 會(D) 發脾氣(VA),4,3.0,5.555555556
有時我爸一生氣起來,有時(D) 我(Nh) 爸(Na) 一(D) 生氣(VH) 起來(Di),4,4.0,5.333333333
只要小孩一哭就生氣,只要(Cbb) 小孩(Na) 一(D) 哭(VA) 就(D) 生氣(VH),4,3.333333333,6.333333333
我會很生氣進而很沮喪,我(Nh) 會(D) 很(Dfa) 生氣(VH) 進而(Cbb) 很(Dfa) 沮喪(VH),4,3.0,5.875
脾氣暴躁,脾氣(Na) 暴躁(VH),4,3.0,7.222222222
生氣悲傷時會踢牆壁,生氣(VH) 悲傷(VH) 時(Ng) 會(D) 踢(VC) 牆壁(Na),4,3.1,5.8
容易生氣,容易(VH) 生氣(VH),4,3.5,5.777777778
很容易生氣,很(Dfa) 容易(VH) 生氣(VH),4,3.375,6.375
他會生氣,他(Nh) 會(D) 生氣(VH),4,3.5,5.5
然後還是無法集中注意力,然後(D) 還是(D) 無法(D) 集中(VC) 注意力(Na),4,4.0,3.111111111
注意力亦不集中,注意力(Na) 亦(D) 不(D) 集中(VC),4,3.666666667,4.0
注意力和記憶力很差,注意力(Na) 和(Caa) 記憶力(Na) 很(Dfa) 差(VH),4,3.4444444439999997,5.625
想法無法集中,想法(Na) 無法(D) 集中(VC),4,3.666666667,3.888888889
而且精神無法集中,而且(Cbb) 精神(Na) 無法(D) 集中(VC),4,3.6,3.888888889
注意力不易集中,注意力(Na) 不易(VH) 集中(VC),4,4.0,3.5
近年來發現自己時常無法集中精神,近年(Nd) 來(D) 發現(VE) 自己(Nh) 時常(D) 無法(D) 集中(VC) 精神(Na),4,3.571428571,4.5
注意力不集中,注意力(Na) 不(D) 集中(VC),4,4.0,3.25
精神無法集中,精神(Na) 無法(D) 集中(VC),4,3.666666667,5.0
注意力無法集中,注意力(Na) 無法(D) 集中(VC),4,3.666666667,3.222222222
令我實在呼吸不了,令(VL) 我(Nh) 實在(D) 呼吸(VC) 不(D) 了(T),5,3.0,5.75
或是心跳加快,或是(Caa) 心跳(VA) 加快(VHC),5,4.0,4.75
左右雙手有些抖動,左右(VC) 雙手(Na) 有(V_2) 些(Nf) 抖動(VC),5,3.777777778,4.375
常常跑廁所,常常(D) 跑(VA) 廁所(Nc),5,4.0,3.666666667
現在手會抖個不停,現在(Nd) 手會(Nd) 抖(VAC) 個(Nf) 不停(VA),5,3.0,4.1111111110000005
偶有心悸現象,偶(D) 有(V_2) 心悸(VI) 現象(Na),5,3.6,3.625
有時手會發抖,有時(D) 手(Na) 會(D) 發抖(VA),5,3.6,5.444444444
令我到無法呼吸,令(VL) 我(Nh) 到(VCL) 無法(D) 呼吸(VC),5,3.714285714,6.0
會覺得頭暈或呼吸困難,會(D) 覺得(VK) 頭暈(VH) 或(Caa) 呼吸(Nv) 困難(Na),5,3.0,4.555555556
我身體的毛病關於心悸,我(Nh) 身體(Na) 的(DE) 毛病(Na) 關於(P) 心悸(VI),5,3.5,4.333333333
之前就有心悸的問題,之前(Nd) 就(D) 有(V_2) 心悸(VI) 的(DE) 問題(Na),5,3.5,4.5
有時候會呼吸困難想吐,有時候(D) 會(D) 呼吸(VC) 困難(Na) 想(VE) 吐(VC),5,3.333333333,5.375
平常總是心跳很快,平常(Nd) 總是(D) 心跳(VA) 很(Dfa) 快(VH),5,3.6,5.333333333
呼吸就有點難過,呼吸(VC) 就(D) 有點(Dfa) 難過(VK),5,3.0,5.333333333
都會覺得呼吸有點難過,都(D) 會(D) 覺得(VK) 呼吸(VC) 有點(Dfa) 難過(VK),5,3.1,5.5
有時脖子僵硬,有時(D) 脖子(Na) 僵硬(VH),5,3.6,4.1111111110000005
呼吸有點難過,呼吸(VC) 有點(Dfa) 難過(VK),5,3.0,4.555555556
心跳變快,心跳(VA) 變(VH) 快(VH),5,4.0,5.5
這幾個禮拜心悸的好嚴重,這(Nep) 幾(Neu) 個(Nf) 禮拜(Na) 心悸(VI) 的(DE) 好(Dfa) 嚴重(VH),5,2.666666667,6.333333333
心跳忽快忽慢,心跳(VA) 忽快忽慢(VH),5,4.0,4.777777778
最近有心悸的現像,最近(Nd) 有(V_2) 心悸(VI) 的(DE) 現(Nd) 像(P),5,3.5555555560000003,5.333333333
心跳都會變快跟緊張,心跳(VA) 都(D) 會(D) 變(VG) 快(VH) 跟(P) 緊張(VH),5,3.0,6.285714286
我就會全身發抖,我(Nh) 就(D) 會(D) 全(Neqa) 身(Na) 發抖(VA),5,3.5555555560000003,5.444444444
我就覺得全身緊繃,我(Nh) 就(D) 覺得(VK) 全(Neqa) 身(Na) 緊繃(VHC),5,3.333333333,5.125
呼吸有些困難,呼吸(VC) 有(V_2) 些(Nf) 困難(VH),5,3.4444444439999997,4.1111111110000005
會一直想到不能呼吸的事,會(D) 一直(D) 想到(VE) 不能(D) 呼吸(VC) 的(DE) 事(Na),5,3.4444444439999997,5.777777778
以致會一直注意自己的呼吸,以致(Cbb) 會(D) 一直(D) 注意(VK) 自己(Nh) 的(DE) 呼吸(Nv),5,4.0,4.0
口吃就越嚴重,口吃(VH) 就(D) 越(D) 嚴重(VH),5,3.375,5.777777778
連呼吸都很困難,連(Cbb) 呼吸(VC) 都(D) 很(Dfa) 困難(VH),5,3.0,5.222222222
就是時常緊張導致於臉紅,就是(Cbb) 時常(D) 緊張(VH) 導致(VL) 於(P) 臉紅(VH),5,4.0,5.222222222
我和別人說話都會臉紅,我(Nh) 和(P) 別人(Nh) 說話(VA) 都(D) 會(D) 臉紅(VH),5,4.555555556,5.0
最近慢慢問自己為什麼會臉紅,最近(Nd) 慢慢(VH) 問(VE) 自己(Nh) 為什麼(D) 會(D) 臉紅(VH),5,4.375,3.5
就呼吸不順暢,就(D) 呼吸(VC) 不(D) 順暢(VH),5,3.375,5.444444444
我就一直發抖,我(Nh) 就(D) 一直(D) 發抖(VA),5,4.0,5.875
一站起來就全身發抖,一(D) 站起來(VA) 就(D) 全(Neqa) 身(Na) 發抖(VA),5,3.0,5.875
我的手腳開始發抖,我(Nh) 的(DE) 手腳(Na) 開始(VL) 發抖(VA),5,3.0,5.1111111110000005
有時會突然的心悸,有時(D) 會(D) 突然(D) 的(DE) 心悸(VI),5,3.4,4.6
呼吸不順感到好悶,呼吸(VC) 不(D) 順(VJ) 感到(VK) 好(Dfa) 悶(VH),5,3.375,5.333333333
寫字時手抖得很明顯,寫字(VA) 時(Ng) 手(Na) 抖(VAC) 得(DE) 很(Dfa) 明顯(VH),5,3.666666667,5.125
心跳也莫名的加快,心跳(VA) 也(D) 莫名(VH) 的(DE) 加快(VHC),5,3.888888889,5.333333333
一緊張起來就會臉紅,一(Neu) 緊張(VH) 起來(Di) 就(D) 會(D) 臉紅(VH),5,3.5,5.375
連表情都很僵硬,連(Cbb) 表情(Na) 都(D) 很(Dfa) 僵硬(VH),5,3.5,5.444444444
發抖嚴重,發抖(VA) 嚴重(VH),5,3.4444444439999997,5.8888888889999995
全身發抖嚴重,全(Neqa) 身(Na) 發抖(VA) 嚴重(VH),5,2.555555556,5.625
也會緊張地手部發抖,也(D) 會(D) 緊張(VH) 地(DE) 手部(Na) 發抖(VA),5,3.333333333,5.555555556
心悸已兩年多,心悸(VI) 已(D) 兩(Neu) 年(Nf) 多(Neqb),5,3.0,4.333333333
手發抖情形,手(Na) 發抖(VA) 情形(Na),5,3.625,3.5
會有呼吸不順的感覺,會(D) 有(V_2) 呼吸(Nv) 不(D) 順(VH) 的(DE) 感覺(Na),5,4.0,3.777777778
想到難過的事時會胸悶,想到(VE) 難過(VK) 的(DE) 事(Na) 時(Ng) 會(D) 胸(Na) 悶(VH),5,3.0,4.125
好幾次都衝進廁所吐,好幾(Neu) 次(Nf) 都(D) 衝進(VCL) 廁所(Nc) 吐(VC),5,2.5,5.75
甚至發抖,甚至(D) 發抖(VA),5,3.5555555560000003,4.7
甚至會心跳加速,甚至(D) 會(D) 心跳(VA) 加速(VC),5,4.333333333,5.25
胸悶的時間減少了,胸(Na) 悶(VH) 的(DE) 時間(Na) 減少(VHC) 了(Di),5,5.1,4.625
可是最近整天常常覺得胸悶,可是(Cbb) 最近(Nd) 整天(Nd) 常常(D) 覺得(VK) 胸(Na) 悶(VH),5,3.375,4.9
最近每天都會心悸,最近(Nd) 每天(Nd) 都(D) 會(D) 心悸(VI),5,3.333333333,4.875
嚴重的話心悸到想吐,嚴重(VH) 的(DE) 話(Na) 心悸(VI) 到(P) 想(VE) 吐(VC),5,2.666666667,5.0
嚴重到甚致難以呼吸,嚴重(VH) 到(P) 甚(Dfa) 致(VL) 難以(D) 呼吸(VC),5,2.666666667,6.222222222
就突然胸悶起來,就(D) 突然(D) 胸(Na) 悶(VH) 起來(Di),5,3.4444444439999997,5.1111111110000005
手腳發抖,手腳(Na) 發抖(VA),5,3.5,5.444444444
可是心跳又開始加速,可是(Cbb) 心跳(VA) 又(D) 開始(VL) 加速(VC),5,3.5,5.333333333
最常發生的是心跳加快,最(Dfa) 常(D) 發生(VJ) 的(DE) 是(SHI) 心跳(VA) 加快(VHC),5,3.666666667,4.6
無法呼吸,無法(D) 呼吸(VC),5,3.0,5.0
手腳不自禁發軟,手腳(Na) 不自禁(D) 發軟(VH),5,3.0,5.5
常常會胸悶,常常(D) 會(D) 胸(Na) 悶(VH),5,3.0,3.666666667
會手發抖,會(D) 手(Na) 發抖(VA),5,4.0,4.4
喘不過氣,喘不(Nb) 過(Di) 氣(Na),5,3.5,4.8888888889999995
常常緊張到胸悶,常常(D) 緊張(VH) 到(P) 胸(Na) 悶(VH),5,3.4444444439999997,6.0
我會全身發抖,我(Nh) 會(D) 全(Neqa) 身(Na) 發抖(VA),5,3.333333333,6.375
聲音也會因此抖動,聲音(Na) 也(D) 會(D) 因此(Cbb) 抖動(VC),5,3.4,5.25
怕說不好怕抖得很丟人,怕(VK) 說(VE) 不(D) 好(Dfa) 怕(VK) 抖(VAC) 得(DE) 很(Dfa) 丟人(VH),5,3.666666667,5.1
我大哭到喘不過氣,我(Nh) 大哭(VA) 到(P) 喘不(Nb) 過(Di) 氣(Na),5,3.0,5.8888888889999995
漸漸有口吃的症狀出現,漸漸(D) 有(V_2) 口吃(VH) 的(DE) 症狀(Na) 出現(VH),5,4.0,4.1
我到現在呼吸不正常,我(Nh) 到(P) 現在(Nd) 呼吸(VC) 不(D) 正常(VH),5,3.4,5.444444444
忘記呼吸,忘記(VK) 呼吸(VC),5,3.4,4.4
更說有心悸的現象,更(D) 說(VE) 有(V_2) 心悸(VI) 的(DE) 現象(Na),5,3.4444444439999997,4.8888888889999995
呼吸困難,呼吸(VC) 困難(Na),5,3.5555555560000003,4.555555556
則頻跑廁所,則(D) 頻(D) 跑(VA) 廁所(Nc),5,4.333333333,3.666666667
一直發抖,一直(D) 發抖(VA),5,3.666666667,4.444444444
並且不斷抖動手腳,並且(Cbb) 不斷(D) 抖動(VC) 手腳(Na),5,3.5,5.875
我從小就常口吃,我(Nh) 從小(D) 就(D) 常(D) 口吃(VH),5,4.0,3.888888889
口吃就會出現,口吃(VH) 就(D) 會(D) 出現(VH),5,3.333333333,3.777777778
阻礙呼吸,阻礙(VC) 呼吸(VC),5,3.0,4.2
因此常常被憋尿所苦,因此(Cbb) 常常(D) 被(P) 憋尿(VC) 所(D) 苦(VH),5,3.5555555560000003,5.125
有莫名其妙心跳加速的現象,有(V_2) 莫名其妙(VH) 心跳(VA) 加速(VC) 的(DE) 現象(Na),5,3.285714286,4.8888888889999995
有白天心悸,有(V_2) 白天(Nd) 心悸(VI),5,3.4,4.5
考試時也不停發抖,考試(Na) 時(Ng) 也(D) 不停(VA) 發抖(VA),5,3.4,5.5
它也會一直不停的抖,它(Nh) 也(D) 會(D) 一直(D) 不停(VA) 的(DE) 抖(VAC),5,3.5,5.625
只是肌肉過於僵硬,只(Da) 是(SHI) 肌肉(Na) 過於(Dfa) 僵硬(VH),5,3.6,4.1111111110000005
如雙手抖動,如(P) 雙手(Na) 抖動(VC),5,3.5555555560000003,4.2
發現我全身發抖,發現(VE) 我(Nh) 全(Neqa) 身(Na) 發抖(VA),5,3.4,5.777777778
呼吸有點困難,呼吸(VC) 有點(Dfa) 困難(VH),5,3.5555555560000003,4.1111111110000005
令我厭惡到無法呼吸,令(VL) 我(Nh) 厭惡(VK) 到(P) 無法(D) 呼吸(VC),5,2.125,7.375
口吃現象越來越嚴重,口吃(Nv) 現象(Na) 越來越(Dfa) 嚴重(VH),5,2.625,5.9
常常手會抖,常常(D) 手(Na) 會(D) 抖(VAC),5,4.0,4.5
心跳加快,心跳(VA) 加快(VHC),5,4.444444444,5.0
頭會發抖,頭(Na) 會(D) 發抖(VA),5,3.0,5.444444444
就會有一種壓力和胸悶,就(D) 會(D) 有(V_2) 一(Neu) 種(Nf) 壓力(Na) 和(Caa) 胸(Na) 悶(VH),5,3.4444444439999997,3.75
媽媽接近時會覺得無法呼吸,媽媽(Na) 接近(VC) 時(Ng) 會(D) 覺得(VK) 無法(D) 呼吸(VC),5,2.666666667,5.25
已經好久沒有心悸的感覺,已經(D) 好久(VH) 沒有(D) 心悸(VI) 的(DE) 感覺(Na),5,4.0,4.555555556
心悸心跳停止,心悸(VI) 心跳(VA) 停止(VF),5,2.25,5.7
肩膀僵硬,肩膀(Na) 僵硬(VH),5,3.6,4.0
緊張冒汗得頻頻拭汗,緊張(VH) 冒汗(Na) 得(D) 頻頻(D) 拭(VC) 汗(Na),5,3.4444444439999997,6.222222222
心臟悶喘不過氣,心臟(Na) 悶喘不(VH) 過(Di) 氣(Na),5,3.375,4.777777778
同時常常心悸,同時(Nd) 常常(D) 心悸(VI),5,3.5,5.0
且有心悸與胸悶的情況,且(Cbb) 有(V_2) 心悸(VI) 與(P) 胸(Na) 悶(VH) 的(DE) 情況(Na),5,3.0,4.4
連呼吸都變得沉重,連(Cbb) 呼吸(VC) 都(D) 變得(VJ) 沉重(VH),5,3.0,4.5
同時地心悸,同時(Nd) 地(DE) 心悸(VI),5,3.375,5.125
會焦慮到發抖,會(D) 焦慮(VH) 到(P) 發抖(VA),5,3.0,4.9
我都會失常而且全身發抖,我(Nh) 都(D) 會(D) 失常(VH) 而且(Cbb) 全(Neqa) 身(Na) 發抖(VA),5,3.0,6.0
會心悸不已,會(D) 心悸(VI) 不已(VH),5,3.4,4.777777778
只是偶而心悸胸悶或是想發脾氣,只是(D) 偶而(D) 心悸(VI) 胸(Na) 悶(VH) 或是(Caa) 想(VE) 發脾氣(VA),5,3.0,6.125
怎麼手也會抖呢,怎麼(D) 手(Na) 也(D) 會(D) 抖(VAC) 呢(T),5,4.0,5.333333333
心跳一直跳好快,心跳(VA) 一直(D) 跳(VA) 好(Dfa) 快(VH),5,4.0,5.0
會有心悸和失眠的情形,會(D) 有(V_2) 心悸(VI) 和(Caa) 失眠(VH) 的(DE) 情形(Na),5,3.4444444439999997,5.222222222
手指發抖,手指(Na) 發抖(VA),5,3.4444444439999997,5.428571429
擔心我會口吃,擔心(VK) 我(Nh) 會(D) 口吃(VH),5,3.5555555560000003,4.75
呼吸急促等現象,呼吸(VC) 急促(VH) 等(Cab) 現象(Na),5,3.75,4.1111111110000005
因為我與陌生人說話會口吃,因為(Cbb) 我(Nh) 與(Caa) 陌生人(Na) 說話(VA) 會(D) 口吃(VH),5,4.0,5.222222222
對吃也變得沒什麼要求,對(P) 吃(VC) 也(D) 變得(VJ) 沒(VJ) 什麼(Nep) 要求(Na),5,3.625,3.111111111
結果嚴重影響食慾,結果(Dk) 嚴重(VH) 影響(VC) 食慾(Na),5,3.0,5.555555556
但會吃的次數越來越少,但(Cbb) 會(D) 吃(VC) 的(DE) 次數(Na) 越來越(Dfa) 少(VH),5,4.0,3.777777778
東西吃的很少,東西(Na) 吃(VC) 的(DE) 很少(VH),5,4.0,3.111111111
即使勉強自己吃,即使(Cbb) 勉強(VF) 自己(Nh) 吃(VC),5,4.0,3.666666667
需要別人餵我吃東西,需要(VK) 別人(Nh) 餵(VC) 我(Nh) 吃(VC) 東西(Na),5,3.6,4.285714286
有時候吃不下飯,有時候(D) 吃(VC) 不(D) 下(VC) 飯(Na),5,3.4,4.333333333
胃口並未較好,胃口(Na) 並未(D) 較(Dfa) 好(VH),5,4.0,5.125
最近也吃不太下飯,最近(Nd) 也(D) 吃(VC) 不(D) 太(Dfa) 下(VC) 飯(Na),5,3.6,3.75
而且沒什麼胃口,而且(Cbb) 沒(VJ) 什麼(Nep) 胃口(Na),5,4.0,3.333333333
可是我一直不想吃,可是(Cbb) 我(Nh) 一直(D) 不(D) 想(VE) 吃(VC),5,3.5555555560000003,4.0
白天常沒什麼食慾,白天(Nd) 常(D) 沒(VJ) 什麼(Nep) 食慾(Na),5,4.0,3.125
因為我最近的食慾不是很好,因為(Cbb) 我(Nh) 最近(Nd) 的(DE) 食慾(Na) 不(D) 是(SHI) 很(Dfa) 好(VH),5,4.0,4.1111111110000005
不肯吃東西,不肯(Nb) 吃(VC) 東西(Na),5,3.0,6.0
失去食慾,失去(VJ) 食慾(Na),5,3.777777778,3.5555555560000003
以及食慾不佳,以及(Caa) 食慾(Na) 不佳(VH),5,3.888888889,3.333333333
整天不吃也不睡,整(Neqa) 天(Nf) 不(D) 吃(VC) 也(D) 不(D) 睡(VA),5,3.375,5.222222222
硬使我吃東西,硬(D) 使(VL) 我(Nh) 吃(VC) 東西(Na),5,3.25,5.777777778
食慾不振,食慾不振(VH),5,3.666666667,3.5
忽然不吃不喝,忽然(D) 不(D) 吃(VC) 不(D) 喝(VC),5,3.333333333,4.6
也不吃東西,也(D) 不(D) 吃(VC) 東西(Na),5,3.666666667,4.222222222
就是一點都不想吃,就是(Cbb) 一點(Neqa) 都(D) 不(D) 想(VE) 吃(VC),5,3.625,4.1111111110000005
吃不下飯,吃不(Nb) 下(VC) 飯(Na),5,3.666666667,3.875
最近沒食慾,最近(Nd) 沒(VJ) 食慾(Na),5,4.0,3.5555555560000003
不想吃東西,不(D) 想(VE) 吃(VC) 東西(Na),5,3.666666667,2.625
不僅嚴重影響食慾,不僅(Cbb) 嚴重(VH) 影響(VC) 食慾(Na),5,3.0,6.375
胃口很差,胃口(Na) 很(Dfa) 差(VH),5,3.5555555560000003,3.25
什麼東西都不想吃,什麼(Nep) 東西(Na) 都(D) 不(D) 想(VE) 吃(VC),5,3.5,4.8571428569999995
餓到四肢無力都不吃,餓(VH) 到(P) 四肢(Na) 無力(D) 都(D) 不(D) 吃(VC),5,2.444444444,5.0
他並不排斥飲食可是都會吐,他(Nh) 並(D) 不(D) 排斥(VC) 飲食(Na) 可是(Cbb) 都(D) 會(D) 吐(VC),5,3.0,4.777777778
接著就把吃的東西吐出來,接著(D) 就(D) 把(P) 吃(VC) 的(DE) 東西(Na) 吐出來(VB),5,3.4444444439999997,5.444444444
吃什麼都要嘔吐出來,吃(VC) 什麼(Nep) 都(D) 要(D) 嘔吐(VA) 出來(VA),5,3.0,6.0
而且有時並不餓,而且(Cbb) 有時(D) 並(D) 不(D) 餓(VH),5,4.6,2.444444444
但也不太會餓,但(Cbb) 也(D) 不(D) 太(Dfa) 會(D) 餓(VH),5,4.666666667,3.222222222
怎麼會這麼無力,怎麼(D) 會(D) 這麼(Dfa) 無力(VH),5,4.0,4.1
我很疲倦,我(Nh) 很(Dfa) 疲倦(VH),5,3.5555555560000003,3.888888889
精神疲勞,精神(Na) 疲勞(VH),5,3.333333333,4.333333333
也常常感到虛弱疲倦,也(D) 常常(D) 感到(VK) 虛弱(VH) 疲倦(VH),5,3.0,3.888888889
常常感到極度疲倦,常常(D) 感到(VK) 極度(Dfa) 疲倦(VH),5,2.625,5.714285714
身體愈來愈疲憊,身體(Na) 愈來愈(Dfa) 疲憊(VH),5,3.0,4.555555556
常覺得疲倦,常(D) 覺得(VK) 疲倦(VH),5,4.0,3.666666667
又覺得很疲累,又(D) 覺得(VK) 很(Dfa) 疲累(VH),5,3.5,3.5
每天都覺得疲倦,每(Nes) 天(Nf) 都(D) 覺得(VK) 疲倦(VH),5,3.5555555560000003,4.5
因為極其疲倦,因為(Cbb) 極其(Dfa) 疲倦(VH),5,3.4444444439999997,4.0
容易覺得疲累,容易(VH) 覺得(VK) 疲累(VH),5,3.5,3.625
有時真覺得很累,有時(D) 真(D) 覺得(VK) 很(Dfa) 累(VHC),5,3.5555555560000003,5.333333333
常覺得很累,常(D) 覺得(VK) 很(Dfa) 累(VHC),5,3.4444444439999997,4.4
令我覺得很疲累,令(VL) 我(Nh) 覺得(VK) 很(Dfa) 疲累(VH),5,3.5,5.375
手腳無力的症狀,手腳(Na) 無力(VH) 的(DE) 症狀(Na),5,3.5,4.0
手腳無力,手腳(Na) 無力(VH),5,3.4444444439999997,3.111111111
手腳無力感,手腳(Na) 無力感(Na),5,3.777777778,3.25
時常感到全身無力,時常(D) 感到(VK) 全(Neqa) 身(Na) 無力(VH),5,3.4,3.5555555560000003
全身無力,全(Neqa) 身(Na) 無力(VH),5,3.666666667,2.5
有時候感到全身無力,有時候(D) 感到(VK) 全(Neqa) 身(Na) 無力(VH),5,3.2,4.1
父親的身體又出現不適,父親(Na) 的(DE) 身體(Na) 又(D) 出現(VH) 不適(VH),5,2.5,4.714285714
身體一直不好,身體(Na) 一直(D) 不(D) 好(VH),5,3.4,3.5555555560000003
但他身體也不好,但(Cbb) 他(Nh) 身體(Na) 也(D) 不(D) 好(VH),5,3.5555555560000003,3.125
現在就一直說身體不舒服,現在(Nd) 就(D) 一直(D) 說(VE) 身體(Na) 不(D) 舒服(VH),5,3.666666667,5.222222222
覺得自己的身體很差,覺得(VK) 自己(Nh) 的(DE) 身體(Na) 很(Dfa) 差(VH),5,3.375,4.8888888889999995
然而身體狀況不穩定,然而(Cbb) 身體(Na) 狀況(Na) 不(D) 穩定(VHC),5,3.5555555560000003,3.888888889
這數天來身體不適,這(Nep) 數(Neu) 天(Nf) 來(Ng) 身體(Na) 不適(VH),5,3.6,5.1111111110000005
身體的一些地方常常感到不適,身體(Na) 的(DE) 一些(Neqa) 地方(Na) 常常(D) 感到(VK) 不適(VH),5,3.5555555560000003,4.714285714
我弟去年底身體覺得異狀,我(Nh) 弟(Na) 去年(Nd) 底(Ng) 身體(Na) 覺得(VK) 異狀(Na),5,3.333333333,4.7
但是我的身體一直出狀況,但是(Cbb) 我(Nh) 的(DE) 身體(Na) 一直(D) 出(VC) 狀況(Na),5,3.0,4.8888888889999995
身體有時會忽冷忽熱,身體(Na) 有時(D) 會(D) 忽(D) 冷忽(VH) 熱(VHC),5,3.6,5.0
和身體的不舒服,和(Caa) 身體(Na) 的(DE) 不(D) 舒服(VH),5,3.5555555560000003,3.777777778
會覺得頭暈或呼吸困難,會(D) 覺得(VK) 頭暈(VH) 或(Caa) 呼吸(Nv) 困難(Na),5,3.0,4.75
我卻愈來愈不舒服,我(Nh) 卻(D) 愈來愈(Dfa) 不(D) 舒服(VH),5,3.4444444439999997,6.428571429
身體很不舒服,身體(Na) 很(Dfa) 不(D) 舒服(VH),5,3.714285714,5.25
常覺得自己身體不舒服,常(D) 覺得(VK) 自己(Nh) 身體(Na) 不(D) 舒服(VH),5,3.666666667,3.888888889
令我十分的不舒服,令(VL) 我(Nh) 十分(Dfa) 的(DE) 不(D) 舒服(VH),5,2.625,5.375
我從國中就會肩膀酸,我(Nh) 從(P) 國中(Nc) 就(D) 會(D) 肩膀(Na) 酸(VH),5,3.6,4.428571429
常覺得腰酸背痛,常(D) 覺得(VK) 腰酸背痛(VH),5,3.4444444439999997,4.8571428569999995
最近頭常常會頭暈,最近(Nd) 頭(Na) 常常(D) 會(D) 頭暈(VH),5,3.5,5.25
胸口會悶悶的,胸口(Nc) 會(D) 悶悶(VH) 的(DE),5,3.6,3.666666667
最近頭暈讓我很不舒服,最近(Nd) 頭暈(VH) 讓(VL) 我(Nh) 很(Dfa) 不(D) 舒服(VH),5,3.4444444439999997,5.125
頭就會暈,頭(Na) 就(D) 會(D) 暈(VH),5,3.5,5.25
從此整天都覺得頭暈,從此(D) 整(Neqa) 天(Nf) 都(D) 覺得(VK) 頭暈(VH),5,3.4444444439999997,5.428571429
胸口還是會悶悶的,胸口(Nc) 還是(D) 會(D) 悶悶(VH) 的(DE),5,3.5,3.888888889
有時頭眩,有時(D) 頭(Na) 眩(VH),5,3.5,5.222222222
常覺得背部酸痛,常(D) 覺得(VK) 背部(Nc) 酸痛(VH),5,3.6,5.222222222
肌肉抽筋,肌肉(Na) 抽筋(VH),5,3.6,3.9
胸口最近老是悶悶的,胸口(Nc) 最近(Nd) 老是(D) 悶悶(VH) 的(DE),5,4.0,3.7
頭會很痛,頭(Na) 會(D) 很(Dfa) 痛(VH),5,3.4444444439999997,5.0
胸口很痛,胸口(Nc) 很(Dfa) 痛(VH),5,3.375,5.8888888889999995
時常胸口悶,時常(D) 胸口(Nc) 悶(VH),5,3.4,3.375
胸痛或胸部不舒服,胸(Na) 痛(VH) 或(Caa) 胸部(Nc) 不(D) 舒服(VH),5,3.125,5.1111111110000005
腹部不適,腹部(Nc) 不適(VH),5,3.4,5.375
頭痛胃痛拉肚子等,頭痛(VH) 胃痛(VH) 拉肚子(VA) 等(Cab),5,3.0,5.125
後來左邊的頭麻掉,後來(Nd) 左邊(Ncd) 的(DE) 頭(Na) 麻掉(VH),5,3.625,4.5
平常就頭暈痛,平常(Nd) 就(D) 頭暈(VH) 痛(VH),5,3.4,4.8571428569999995
有時胸口會悶悶的,有時(D) 胸口(Nc) 會(D) 悶悶(VH) 的(DE),5,3.5,3.888888889
白天時常頭痛,白天(Nd) 時常(D) 頭痛(VH),5,3.6,4.1111111110000005
肩膀酸痛,肩膀(Na) 酸痛(VH),5,4.0,3.888888889
有時也會無緣無故的頭痛,有時(D) 也(D) 會(D) 無緣無故(D) 的(DE) 頭痛(VH),5,3.6,4.375
我的胸口很悶,我(Nh) 的(DE) 胸口(Nc) 很(Dfa) 悶(VH),5,3.5,4.1111111110000005
頭痛頭暈,頭痛(VH) 頭暈(VH),5,3.0,5.333333333
胸口鬱悶,胸口(Nc) 鬱悶(VH),5,3.4444444439999997,5.375
頭痛的粉厲害,頭痛(VH) 的(DE) 粉(Na) 厲害(VH),5,2.625,5.75
頭暈的狀況更不在話下,頭暈(VH) 的(DE) 狀況(Na) 更(D) 不在話下(VH),5,3.5,5.333333333
致使面部肌肉常常不自覺顫抖,致使(VL) 面部(Nc) 肌肉(Na) 常常(D) 不自覺(VK) 顫抖(VAC),5,3.0,4.1111111110000005
我常頭痛,我(Nh) 常(D) 頭痛(VH),5,3.5555555560000003,4.777777778
甚至出現頭痛,甚至(D) 出現(VH) 頭痛(VH),5,3.0,5.444444444
我的頭一直會發抖,我(Nh) 的(DE) 頭(Na) 一直(D) 會(D) 發抖(VA),5,3.4444444439999997,4.6
結果頭後面開始很痛,結果(Dk) 頭(Na) 後面(Ncd) 開始(VH) 很(Dfa) 痛(VH),5,3.0,6.222222222
常出現頭痛,常(D) 出現(VH) 頭痛(VH),5,3.0,5.285714286
會覺得胸口很悶,會(D) 覺得(VK) 胸口(Nc) 很(Dfa) 悶(VH),5,3.5555555560000003,4.0
常常想起就覺心頭悶,常常(D) 想起(VE) 就(D) 覺(VK) 心頭(Nc) 悶(VH),5,3.5,4.6
久而久之我覺得很累,久而久之(D) 我(Nh) 覺得(VK) 很(Dfa) 累(VHC),5,3.5555555560000003,4.5
常常覺得頭暈,常常(D) 覺得(VK) 頭暈(VH),5,3.4,4.625
有時肚子痛脹氣,有時(D) 肚子痛(VH) 脹氣(Na),5,4.0,5.333333333
有時牙齒酸痛過敏體質,有時(D) 牙齒(Na) 酸痛(VH) 過敏(Nv) 體質(Na),5,3.375,4.5
時常有頭痛腰痛的問題,時常(D) 有(V_2) 頭痛(VH) 腰(Na) 痛(VH) 的(DE) 問題(Na),5,3.0,5.125
頭也莫名的痛起來,頭(Na) 也(D) 莫名(VH) 的(DE) 痛(VH) 起來(Di),5,3.375,5.375
甚至造成停經的現象,甚至(D) 造成(VG) 停經(Na) 的(DE) 現象(Na),5,2.75,5.25
月經也三個月沒來,月經(Na) 也(D) 三(Neu) 個(Nf) 月(Na) 沒(D) 來(D),5,3.375,5.555555556
月經失調,月經(Na) 失調(VH),5,3.5,4.444444444
月經不正常,月經(Na) 不(D) 正常(VH),5,3.75,4.4
內分泌失調等情形,內分泌(Na) 失調(Nv) 等(Cab) 情形(Na),5,3.4444444439999997,4.1111111110000005
性慾低落,性慾(Na) 低落(VH),5,3.5,4.285714286
只是覺得沒有性慾,只是(D) 覺得(VK) 沒有(VJ) 性慾(Na),5,4.0,3.0
也沒有很強的性慾,也(D) 沒有(VJ) 很(Dfa) 強(VH) 的(DE) 性慾(Na),5,3.111111111,4.666666667
不會想要碰我,不會(D) 想要(VE) 碰(VC) 我(Nh),5,3.4444444439999997,4.6
不想他碰我,不(D) 想(VE) 他(Nh) 碰(VC) 我(Nh),5,3.4444444439999997,5.777777778
不想與我發生關係,不(D) 想(VE) 與(P) 我(Nh) 發生(VJ) 關係(Na),5,3.625,5.0
但自己不想跟女人做愛,但(Cbb) 自己(Nh) 不(D) 想(VE) 跟(P) 女人(Na) 做愛(VA),5,3.75,5.0
